position_x,position_y,position_z,rotation_x,rotation_y,rotation_z,atom_id,simulation_step
0.9996257716049383,1,1,0,-0,0,0,0
5.0001125,1,1,0,-0,0,1,0
10.000261728395062,1,1,0,-0,0,2,0
0.9985032559401439,1,1,0,-0,0,0,1
5.000449871800609,1,1,0,-0,0,1,1
10.001046872259247,1,1,0,-0,0,2,1
0.99663296111305,1,1,0,-0,0,0,2
5.001011731230502,1,1,0,-0,0,1,2
10.002355307656448,1,1,0,-0,0,2,2
0.9940157324599347,1,1,0,-0,0,0,3
5.001797439423977,1,1,0,-0,0,1,3
10.004186828116088,1,1,0,-0,0,2,3
0.9906527502922886,1,1,0,-0,0,0,4
5.002806104940273,1,1,0,-0,0,1,4
10.00654114476744,1,1,0,-0,0,2,4
0.9865455267626633,1,1,0,-0,0,0,5
5.004036586709866,1,1,0,-0,0,1,5
10.009417886527473,1,1,0,-0,0,2,5
0.981695901870624,1,1,0,-0,0,0,6
5.005487497787304,1,1,0,-0,0,1,6
10.012816600342074,1,1,0,-0,0,2,6
0.9761060386348912,1,1,0,-0,0,0,7
5.007157209884748,1,1,0,-0,0,1,7
10.016736751480364,1,1,0,-0,0,2,7
0.9697784174628941,1,1,0,-0,0,0,8
5.009043858655256,1,1,0,-0,0,1,8
10.021177723881852,1,1,0,-0,0,2,8
0.9627158297537383,1,1,0,-0,0,0,9
5.011145349690191,1,1,0,-0,0,1,9
10.026138820556072,1,1,0,-0,0,2,9
0.9549213707749337,1,1,0,-0,0,0,10
5.013459365190764,1,1,0,-0,0,1,10
10.031619264034305,1,1,0,-0,0,2,10
0.9463984318571195,1,1,0,-0,0,0,11
5.015983371269944,1,1,0,-0,0,1,11
10.03761819687294,1,1,0,-0,0,2,11
0.9371506919544089,1,1,0,-0,0,0,12
5.018714625837607,1,1,0,-0,0,1,12
10.044134682207988,1,1,0,-0,0,2,12
0.9271821086208412,1,1,0,-0,0,0,13
5.021650187018975,1,1,0,-0,0,1,13
10.051167704360187,1,1,0,-0,0,2,13
0.9164969084557522,1,1,0,-0,0,0,14
5.024786922054141,1,1,0,-0,0,1,14
10.05871616949011,1,1,0,-0,0,2,14
0.9050995770726514,1,1,0,-0,0,0,15
5.028121516624742,1,1,0,-0,0,1,15
10.06677890630261,1,1,0,-0,0,2,15
0.8929948486474233,1,1,0,-0,0,0,16
5.031650484552651,1,1,0,-0,0,1,16
10.075354666799928,1,1,0,-0,0,2,16
0.8801876951023613,1,1,0,-0,0,0,17
5.035370177814946,1,1,0,-0,0,1,17
10.084442127082696,1,1,0,-0,0,2,17
0.8666833149827158,1,1,0,-0,0,0,18
5.039276796819255,1,1,0,-0,0,1,18
10.094039888198031,1,1,0,-0,0,2,18
0.8524871220821093,1,1,0,-0,0,0,19
5.043366400883985,1,1,0,-0,0,1,19
10.104146477033908,1,1,0,-0,0,2,19
0.8376047338723783,1,1,0,-0,0,0,20
5.047634918868768,1,1,0,-0,0,1,20
10.114760347258855,1,1,0,-0,0,2,20
0.8220419597921722,1,1,0,-0,0,0,21
5.052078159901741,1,1,0,-0,0,1,21
10.125879880306089,1,1,0,-0,0,2,21
0.8058047894470176,1,1,0,-0,0,0,22
5.056691824151944,1,1,0,-0,0,1,22
10.13750338640104,1,1,0,-0,0,2,22
0.7888993807715791,1,1,0,-0,0,0,23
5.061471513597164,1,1,0,-0,0,1,23
10.149629105631258,1,1,0,-0,0,2,23
0.771332048202561,1,1,0,-0,0,0,24
5.0664127427398515,1,1,0,-0,0,1,24
10.162255209057587,1,1,0,-0,0,2,24
0.7531092509081464,1,1,0,-0,0,0,25
5.071510949226376,1,1,0,-0,0,1,25
10.175379799865478,1,1,0,-0,0,2,25
0.7342375811170977,1,1,0,-0,0,0,26
5.076761504327677,1,1,0,-0,0,1,26
10.189000914555226,1,1,0,-0,0,2,26
0.7147237525877023,1,1,0,-0,0,0,27
5.082159723242372,1,1,0,-0,0,1,27
10.203116524169927,1,1,0,-0,0,2,27
0.6945745892536723,1,1,0,-0,0,0,28
5.087700875186493,1,1,0,-0,0,1,28
10.217724535559835,1,1,0,-0,0,2,28
0.6737970140809458,1,1,0,-0,0,0,29
5.093380193237247,1,1,0,-0,0,1,29
10.232822792681807,1,1,0,-0,0,2,29
0.6523980381661265,1,1,0,-0,0,0,30
5.09919288390144,1,1,0,-0,0,1,30
10.248409077932433,1,1,0,-0,0,2,30
0.6303847501040775,1,1,0,-0,0,0,31
5.105134136382474,1,1,0,-0,0,1,31
10.26448111351345,1,1,0,-0,0,2,31
0.6077643056489842,1,1,0,-0,0,0,32
5.111199131523079,1,1,0,-0,0,1,32
10.281036562827937,1,1,0,-0,0,2,32
0.5845439176900527,1,1,0,-0,0,0,33
5.1173830504041335,1,1,0,-0,0,1,33
10.298073031905814,1,1,0,-0,0,2,33
0.5607308465599414,1,1,0,-0,0,0,34
5.123681082583023,1,1,0,-0,0,1,34
10.315588070857036,1,1,0,-0,0,2,34
0.5363323906910588,1,1,0,-0,0,0,35
5.130088433958006,1,1,0,-0,0,1,35
10.333579175350934,1,1,0,-0,0,2,35
0.5113558776320115,1,1,0,-0,0,0,36
5.136600334247957,1,1,0,-0,0,1,36
10.35204378812003,1,1,0,-0,0,2,36
0.4858086554337874,1,1,0,-0,0,0,37
5.143212044079547,1,1,0,-0,0,1,37
10.370979300486663,1,1,0,-0,0,2,37
0.4596980844126961,1,1,0,-0,0,0,38
5.1499188616765785,1,1,0,-0,0,1,38
10.390383053910723,1,1,0,-0,0,2,38
0.4330315292947047,1,1,0,-0,0,0,39
5.156716129148555,1,1,0,-0,0,1,39
10.410252341556738,1,1,0,-0,0,2,39
0.4058163517435733,1,1,0,-0,0,0,40
5.163599238377868,1,1,0,-0,0,1,40
10.430584409878557,1,1,0,-0,0,2,40
0.37805990327314926,1,1,0,-0,0,0,41
5.170563636507022,1,1,0,-0,0,1,41
10.451376460219828,1,1,0,-0,0,2,41
0.34976951854229615,1,1,0,-0,0,0,42
5.177604831029251,1,1,0,-0,0,1,42
10.472625650428451,1,1,0,-0,0,2,42
0.320952509029231,1,1,0,-0,0,0,43
5.184718394487587,1,1,0,-0,0,1,43
10.494329096483181,1,1,0,-0,0,2,43
0.2916161570805098,1,1,0,-0,0,0,44
5.1918999687889835,1,1,0,-0,0,1,44
10.516483874130506,1,1,0,-0,0,2,44
0.2617677103285352,1,1,0,-0,0,0,45
5.199145269141499,1,1,0,-0,0,1,45
10.539087020529966,1,1,0,-0,0,2,45
0.23141437647025742,1,1,0,-0,0,0,46
5.206450087623718,1,1,0,-0,0,1,46
10.562135535906023,1,1,0,-0,0,2,46
0.20056331839869088,1,1,0,-0,0,0,47
5.213810296396683,1,1,0,-0,0,1,47
10.585626385204625,1,1,0,-0,0,2,47
0.16922164967796943,1,1,0,-0,0,0,48
5.2212218505694565,1,1,0,-0,0,1,48
10.609556499752573,1,1,0,-0,0,2,48
0.13739643035190402,1,1,0,-0,0,0,49
5.228680790730245,1,1,0,-0,0,1,49
10.633922778917851,1,1,0,-0,0,2,49
0.10509466307537782,1,1,0,-0,0,0,50
5.23618324515557,1,1,0,-0,0,1,50
10.658722091769052,1,1,0,-0,0,2,50
0.07232328955740841,1,1,0,-0,0,0,51
5.243725431710524,1,1,0,-0,0,1,51
10.683951278732067,1,1,0,-0,0,2,51
0.03908918730431497,1,1,0,-0,0,0,52
5.251303659453465,1,1,0,-0,0,1,52
10.709607153242219,1,1,0,-0,0,2,52
0.00539916665114,1,1,0,-0,0,0,53
5.258914329958816,1,1,0,-0,0,1,53
10.735686503390044,1,1,0,-0,0,2,53
-0.028740031930717357,1,1,0,-0,0,0,54
5.266553938371753,1,1,0,-0,0,1,54
10.762186093558965,1,1,0,-0,0,2,54
-0.06332174026180541,1,1,0,-0,0,0,55
5.274219074208687,1,1,0,-0,0,1,55
10.789102666053118,1,1,0,-0,0,2,55
-0.09833936463103955,1,1,0,-0,0,0,56
5.28190642191739,1,1,0,-0,0,1,56
10.816432942713648,1,1,0,-0,0,2,56
-0.13378638773237458,1,1,0,-0,0,0,57
5.289612761210567,1,1,0,-0,0,1,57
10.844173626521806,1,1,0,-0,0,2,57
-0.1696563703737648,1,1,0,-0,0,0,58
5.297334967186503,1,1,0,-0,0,1,58
10.87232140318726,1,1,0,-0,0,2,58
-0.2059429529702912,1,1,0,-0,0,0,59
5.3050700102502395,1,1,0,-0,0,1,59
10.900872942720051,1,1,0,-0,0,2,59
-0.24263985683313175,1,1,0,-0,0,0,60
5.3128149558484425,1,1,0,-0,0,1,60
10.929824900984688,1,1,0,-0,0,2,60
-0.27974088526580854,1,1,0,-0,0,0,61
5.320566964030855,1,1,0,-0,0,1,61
10.959173921234953,1,1,0,-0,0,2,61
-0.31723992447886734,1,1,0,-0,0,0,62
5.328323288850872,1,1,0,-0,0,1,62
10.988916635627994,1,1,0,-0,0,2,62
-0.35513094433384074,1,1,0,-0,0,0,63
5.336081277617431,1,1,0,-0,0,1,63
11.019049666716409,1,1,0,-0,0,2,63
-0.3934079989270165,1,1,0,-0,0,0,64
5.34383837000998,1,1,0,-0,0,1,64
11.049569628917038,1,1,0,-0,0,2,64
-0.4320652270231855,1,1,0,-0,0,0,65
5.3515920970679165,1,1,0,-0,0,1,65
11.080473129955271,1,1,0,-0,0,2,65
-0.4710968523491831,1,1,0,-0,0,0,66
5.359340080065434,1,1,0,-0,0,1,66
11.111756772283751,1,1,0,-0,0,2,66
-0.5104971837566648,1,1,0,-0,0,0,67
5.3670800292822705,1,1,0,-0,0,1,67
11.143417154474397,1,1,0,-0,0,2,67
-0.5502606152631796,1,1,0,-0,0,0,68
5.3748097426804184,1,1,0,-0,0,1,68
11.175450872582763,1,1,0,-0,0,2,68
-0.5903816259802217,1,1,0,-0,0,0,69
5.382527104496394,1,1,0,-0,0,1,69
11.20785452148383,1,1,0,-0,0,2,69
-0.6308547799365573,1,1,0,-0,0,0,70
5.390230083758204,1,1,0,-0,0,1,70
11.240624696178356,1,1,0,-0,0,2,70
-0.6716747258047422,1,1,0,-0,0,0,71
5.397916732735697,1,1,0,-0,0,1,71
11.273757993069047,1,1,0,-0,0,2,71
-0.7128361965383682,1,1,0,-0,0,0,72
5.405585185332545,1,1,0,-0,0,1,72
11.307251011205825,1,1,0,-0,0,2,72
-0.7543340089271987,1,1,0,-0,0,0,73
5.41323365542763,1,1,0,-0,0,1,73
11.34110035349957,1,1,0,-0,0,2,73
-0.7961630630769946,1,1,0,-0,0,0,74
5.4208604351732,1,1,0,-0,0,1,74
11.375302627903796,1,1,0,-0,0,2,74
-0.8383183418204647,1,1,0,-0,0,0,75
5.428463893256706,1,1,0,-0,0,1,75
11.40985444856376,1,1,0,-0,0,2,75
-0.8807949100654332,1,1,0,-0,0,0,76
5.436042473132833,1,1,0,-0,0,1,76
11.444752436932601,1,1,0,-0,0,2,76
-0.9235879140859713,1,1,0,-0,0,0,77
5.443594691231804,1,1,0,-0,0,1,77
11.47999322285417,1,1,0,-0,0,2,77
-0.9666925807619158,1,1,0,-0,0,0,78
5.451119135149661,1,1,0,-0,0,1,78
11.515573445612256,1,1,0,-0,0,2,78
-1.010104216771876,1,1,0,-0,0,0,79
5.458614461825833,1,1,0,-0,0,1,79
11.551489754946044,1,1,0,-0,0,2,79
-1.053818207744527,1,1,0,-0,0,0,80
5.4660793957129385,1,1,0,-0,0,1,80
11.58773881203159,1,1,0,-0,0,2,80
-1.0978300173726947,1,1,0,-0,0,0,81
5.473512726943389,1,1,0,-0,0,1,81
11.624317290429307,1,1,0,-0,0,2,81
-1.1421351864944482,1,1,0,-0,0,0,82
5.480913309497063,1,1,0,-0,0,1,82
11.661221876997386,1,1,0,-0,0,2,82
-1.1867293321451564,1,1,0,-0,0,0,83
5.488280059373935,1,1,0,-0,0,1,83
11.698449272771223,1,1,0,-0,0,2,83
-1.231608146584198,1,1,0,-0,0,0,84
5.495611952775281,1,1,0,-0,0,1,84
11.735996193808917,1,1,0,-0,0,2,84
-1.276767396299773,1,1,0,-0,0,0,85
5.502908024296751,1,1,0,-0,0,1,85
11.773859372003022,1,1,0,-0,0,2,85
-1.3222029209950292,1,1,0,-0,0,0,86
5.510167365136317,1,1,0,-0,0,1,86
11.812035555858712,1,1,0,-0,0,2,86
-1.3679106325584902,1,1,0,-0,0,0,87
5.517389121319852,1,1,0,-0,0,1,87
11.850521511238638,1,1,0,-0,0,2,87
-1.4138865140215682,1,1,0,-0,0,0,88
5.524572491946816,1,1,0,-0,0,1,88
11.889314022074752,1,1,0,-0,0,2,88
-1.460126618505735,1,1,0,-0,0,0,89
5.531716727458292,1,1,0,-0,0,1,89
11.928409891047442,1,1,0,-0,0,2,89
-1.506627068161744,1,1,0,-0,0,0,90
5.538821127929388,1,1,0,-0,0,1,90
11.967805940232354,1,1,0,-0,0,2,90
-1.5533840531031073,1,1,0,-0,0,0,91
5.545885041387791,1,1,0,-0,0,1,91
12.007499011715316,1,1,0,-0,0,2,91
-1.6003938303358742,1,1,0,-0,0,0,92
5.5529078621600645,1,1,0,-0,0,1,92
12.04748596817581,1,1,0,-0,0,2,92
-1.6476527226865854,1,1,0,-0,0,0,93
5.5598890292470955,1,1,0,-0,0,1,93
12.08776369343949,1,1,0,-0,0,2,93
-1.6951571177301368,1,1,0,-0,0,0,94
5.566828024729889,1,1,0,-0,0,1,94
12.128329093000248,1,1,0,-0,0,2,94
-1.7429034667191414,1,1,0,-0,0,0,95
5.573724372206775,1,1,0,-0,0,1,95
12.169179094512367,1,1,0,-0,0,2,95
-1.7908882835162439,1,1,0,-0,0,0,96
5.580577635262903,1,1,0,-0,0,1,96
12.210310648253342,1,1,0,-0,0,2,96
-1.839108143530719,1,1,0,-0,0,0,97
5.587387415972776,1,1,0,-0,0,1,97
12.251720727557945,1,1,0,-0,0,2,97
-1.8875596826605712,1,1,0,-0,0,0,98
5.594153353436422,1,1,0,-0,0,1,98
12.293406329224151,1,1,0,-0,0,2,98
-1.9362395962412353,1,1,0,-0,0,0,99
5.600875122349683,1,1,0,-0,0,1,99
12.335364473891554,1,1,0,-0,0,2,99
-1.9851446380018865,1,1,0,-0,0,0,100
5.607552431608978,1,1,0,-0,0,1,100
12.37759220639291,1,1,0,-0,0,2,100
-2.0342716190302594,1,1,0,-0,0,0,101
5.614185022950793,1,1,0,-0,0,1,101
12.420086596079468,1,1,0,-0,0,2,101
-2.0836174067468,1,1,0,-0,0,0,102
5.620772669626041,1,1,0,-0,0,1,102
12.462844737120761,1,1,0,-0,0,2,102
-2.1331789238888796,1,1,0,-0,0,0,103
5.627315175109356,1,1,0,-0,0,1,103
12.505863748779527,1,1,0,-0,0,2,103
-2.1829531475057284,1,1,0,-0,0,0,104
5.633812371843283,1,1,0,-0,0,1,104
12.54914077566245,1,1,0,-0,0,2,104
-2.2329371079646707,1,1,0,-0,0,0,105
5.640264120017265,1,1,0,-0,0,1,105
12.59267298794741,1,1,0,-0,0,2,105
-2.28312788796918,1,1,0,-0,0,0,106
5.646670306381238,1,1,0,-0,0,1,106
12.636457581587946,1,1,0,-0,0,2,106
-2.3335226215892058,1,1,0,-0,0,0,107
5.653030843093606,1,1,0,-0,0,1,107
12.680491778495604,1,1,0,-0,0,2,107
-2.3841184933041686,1,1,0,-0,0,0,108
5.659345666603274,1,1,0,-0,0,1,108
12.7247728267009,1,1,0,-0,0,2,108
-2.4349127370589625,1,1,0,-0,0,0,109
5.665614736565406,1,1,0,-0,0,1,109
12.769298000493562,1,1,0,-0,0,2,109
-2.485902635333261,1,1,0,-0,0,0,110
5.671838034790489,1,1,0,-0,0,1,110
12.814064600542777,1,1,0,-0,0,2,110
-2.5370855182243663,1,1,0,-0,0,0,111
5.678015564226265,1,1,0,-0,0,1,111
12.859069953998105,1,1,0,-0,0,2,111
-2.5884587625438114,1,1,0,-0,0,0,112
5.684147347972049,1,1,0,-0,0,1,112
12.904311414571767,1,1,0,-0,0,2,112
-2.640019790927873,1,1,0,-0,0,0,113
5.690233428324914,1,1,0,-0,0,1,113
12.949786362602962,1,1,0,-0,0,2,113
-2.6917660709621263,1,1,0,-0,0,0,114
5.696273865857203,1,1,0,-0,0,1,114
12.995492205104927,1,1,0,-0,0,2,114
-2.7436951143201336,1,1,0,-0,0,0,115
5.702268738524786,1,1,0,-0,0,1,115
13.041426375795352,1,1,0,-0,0,2,115
-2.7958044759163334,1,1,0,-0,0,0,116
5.708218140805484,1,1,0,-0,0,1,116
13.087586335110853,1,1,0,-0,0,2,116
-2.84809175307316,1,1,0,-0,0,0,117
5.714122182867042,1,1,0,-0,0,1,117
13.133969570206121,1,1,0,-0,0,2,117
-2.9005545847024106,1,1,0,-0,0,0,118
5.71998098976402,1,1,0,-0,0,1,118
13.180573594938394,1,1,0,-0,0,2,118
-2.953190650500839,1,1,0,-0,0,0,119
5.725794700662973,1,1,0,-0,0,1,119
13.22739594983787,1,1,0,-0,0,2,119
-3.005997670159947,1,1,0,-0,0,0,120
5.731563468095263,1,1,0,-0,0,1,120
13.274434202064688,1,1,0,-0,0,2,120
-3.0589734025899107,1,1,0,-0,0,0,121
5.737287457236856,1,1,0,-0,0,1,121
13.32168594535306,1,1,0,-0,0,2,121
-3.1121156451575818,1,1,0,-0,0,0,122
5.742966845214425,1,1,0,-0,0,1,122
13.369148799943163,1,1,0,-0,0,2,122
-3.1654222329384605,1,1,0,-0,0,0,123
5.74860182043712,1,1,0,-0,0,1,123
13.416820412501346,1,1,0,-0,0,2,123
-3.218891037982548,1,1,0,-0,0,0,124
5.754192581953317,1,1,0,-0,0,1,124
13.464698456029236,1,1,0,-0,0,2,124
-3.2725199685939583,1,1,0,-0,0,0,125
5.759739338831691,1,1,0,-0,0,1,125
13.512780629762272,1,1,0,-0,0,2,125
-3.326306968624161,1,1,0,-0,0,0,126
5.765242309565948,1,1,0,-0,0,1,126
13.561064659058218,1,1,0,-0,0,2,126
-3.380250016778718,1,1,0,-0,0,0,127
5.770701721502553,1,1,0,-0,0,1,127
13.60954829527617,1,1,0,-0,0,2,127
-3.4343471259373657,1,1,0,-0,0,0,128
5.776117810290806,1,1,0,-0,0,1,128
13.658229315646565,1,1,0,-0,0,2,128
-3.4885963424872855,1,1,0,-0,0,0,129
5.781490819354611,1,1,0,-0,0,1,129
13.70710552313268,1,1,0,-0,0,2,129
-3.5429957456694035,1,1,0,-0,0,0,130
5.786820999385291,1,1,0,-0,0,1,130
13.756174746284119,1,1,0,-0,0,2,130
-3.5975434469375442,1,1,0,-0,0,0,131
5.7921086078548285,1,1,0,-0,0,1,131
13.805434839082722,1,1,0,-0,0,2,131
-3.652237589330267,1,1,0,-0,0,0,132
5.797353908548892,1,1,0,-0,0,1,132
13.85488368078138,1,1,0,-0,0,2,132
-3.7070763468552035,1,1,0,-0,0,0,133
5.802557171119037,1,1,0,-0,0,1,133
13.904519175736173,1,1,0,-0,0,2,133
-3.7620579238857124,1,1,0,-0,0,0,134
5.807718670653477,1,1,0,-0,0,1,134
13.954339253232241,1,1,0,-0,0,2,134
-3.8171805545696644,1,1,0,-0,0,0,135
5.812838687265827,1,1,0,-0,0,1,135
14.004341867303843,1,1,0,-0,0,2,135
-3.8724425022501694,1,1,0,-0,0,0,136
5.817917505701232,1,1,0,-0,0,1,136
14.054524996548944,1,1,0,-0,0,2,136
-3.9278420588980465,1,1,0,-0,0,0,137
5.822955414959311,1,1,0,-0,0,1,137
14.104886643938741,1,1,0,-0,0,2,137
-3.9833775445558537,1,1,0,-0,0,0,138
5.827952707933355,1,1,0,-0,0,1,138
14.155424836622503,1,1,0,-0,0,2,138
-4.039047306793271,1,1,0,-0,0,0,139
5.832909681065227,1,1,0,-0,0,1,139
14.206137625728049,1,1,0,-0,0,2,139
-4.0948497201736505,1,1,0,-0,0,0,140
5.837826634015427,1,1,0,-0,0,1,140
14.25702308615823,1,1,0,-0,0,2,140
-4.150783185731531,1,1,0,-0,0,0,141
5.8427038693477975,1,1,0,-0,0,1,141
14.308079316383738,1,1,0,-0,0,2,141
-4.206846130460921,1,1,0,-0,0,0,142
5.847541692228367,1,1,0,-0,0,1,142
14.35930443823256,1,1,0,-0,0,2,142
-4.263037006814159,1,1,0,-0,0,0,143
5.852340410137809,1,1,0,-0,0,1,143
14.410696596676354,1,1,0,-0,0,2,143
-4.31935429221115,1,1,0,-0,0,0,144
5.857100332597061,1,1,0,-0,0,1,144
14.462253959614094,1,1,0,-0,0,2,144
-4.37579648855879,1,1,0,-0,0,0,145
5.8618217709056015,1,1,0,-0,0,1,145
14.513974717653193,1,1,0,-0,0,2,145
-4.432362121780375,1,1,0,-0,0,0,146
5.866505037891942,1,1,0,-0,0,1,146
14.565857083888437,1,1,0,-0,0,2,146
-4.489049741354814,1,1,0,-0,0,0,147
5.871150447675878,1,1,0,-0,0,1,147
14.61789929367894,1,1,0,-0,0,2,147
-4.545857919865449,1,1,0,-0,0,0,148
5.875758315442065,1,1,0,-0,0,1,148
14.670099604423388,1,1,0,-0,0,2,148
-4.602785252558297,1,1,0,-0,0,0,149
5.8803289572244966,1,1,0,-0,0,1,149
14.722456295333803,1,1,0,-0,0,2,149
-4.659830356909516,1,1,0,-0,0,0,150
5.884862689701476,1,1,0,-0,0,1,150
14.774967667208042,1,1,0,-0,0,2,150
-4.716991872201931,1,1,0,-0,0,0,151
5.889359830000675,1,1,0,-0,0,1,151
14.827632042201259,1,1,0,-0,0,2,151
-4.77426845911042,1,1,0,-0,0,0,152
5.893820695513899,1,1,0,-0,0,1,152
14.880447763596523,1,1,0,-0,0,2,152
-4.83165879929598,1,1,0,-0,0,0,153
5.898245603721188,1,1,0,-0,0,1,153
14.933413195574794,1,1,0,-0,0,2,153
-4.889161595008308,1,1,0,-0,0,0,154
5.9026348720238815,1,1,0,-0,0,1,154
14.986526722984427,1,1,0,-0,0,2,154
-4.946775568696712,1,1,0,-0,0,0,155
5.906988817586298,1,1,0,-0,0,1,155
15.039786751110414,1,1,0,-0,0,2,155
-5.004499462629174,1,1,0,-0,0,0,156
5.911307757185695,1,1,0,-0,0,1,156
15.093191705443479,1,1,0,-0,0,2,156
-5.062332038519411,1,1,0,-0,0,0,157
5.915592007070171,1,1,0,-0,0,1,157
15.14674003144924,1,1,0,-0,0,2,157
-5.120272077161749,1,1,0,-0,0,0,158
5.919841882824197,1,1,0,-0,0,1,158
15.200430194337553,1,1,0,-0,0,2,158
-5.178318378073653,1,1,0,-0,0,0,159
5.9240576992414695,1,1,0,-0,0,1,159
15.254260678832184,1,1,0,-0,0,2,159
-5.236469759145755,1,1,0,-0,0,0,160
5.928239770204787,1,1,0,-0,0,1,160
15.308229988940967,1,1,0,-0,0,2,160
-5.294725056299206,1,1,0,-0,0,0,161
5.932388408572655,1,1,0,-0,0,1,161
15.362336647726549,1,1,0,-0,0,2,161
-5.353083123150214,1,1,0,-0,0,0,162
5.936503926072358,1,1,0,-0,0,1,162
15.416579197077853,1,1,0,-0,0,2,162
-5.411542830681599,1,1,0,-0,0,0,163
5.9405866331992145,1,1,0,-0,0,1,163
15.470956197482382,1,1,0,-0,0,2,163
-5.470103066921218,1,1,0,-0,0,0,164
5.944636839121763,1,1,0,-0,0,1,164
15.525466227799452,1,1,0,-0,0,2,164
-5.528762736627114,1,1,0,-0,0,0,165
5.948654851592637,1,1,0,-0,0,1,165
15.580107885034476,1,1,0,-0,0,2,165
-5.587520760979245,1,1,0,-0,0,0,166
5.952640976864869,1,1,0,-0,0,1,166
15.634879784114375,1,1,0,-0,0,2,166
-5.646376077277638,1,1,0,-0,0,0,167
5.956595519613414,1,1,0,-0,0,1,167
15.689780557664221,1,1,0,-0,0,2,167
-5.705327638646842,1,1,0,-0,0,0,168
5.960518782861655,1,1,0,-0,0,1,168
15.744808855785184,1,1,0,-0,0,2,168
-5.764374413746539,1,1,0,-0,0,0,169
5.9644110679126765,1,1,0,-0,0,1,169
15.799963345833861,1,1,0,-0,0,2,169
-5.823515386488172,1,1,0,-0,0,0,170
5.9682726742851,1,1,0,-0,0,1,170
15.85524271220307,1,1,0,-0,0,2,170
-5.882749555757459,1,1,0,-0,0,0,171
5.97210389965329,1,1,0,-0,0,1,171
15.910645656104167,1,1,0,-0,0,2,171
-5.942075935142676,1,1,0,-0,0,0,172
5.97590503979172,1,1,0,-0,0,1,172
15.966170895350954,1,1,0,-0,0,2,172
-6.001493552668562,1,1,0,-0,0,0,173
5.9796763885233295,1,1,0,-0,0,1,173
16.021817164145233,1,1,0,-0,0,2,173
-6.061001450535743,1,1,0,-0,0,0,174
5.983418237671688,1,1,0,-0,0,1,174
16.077583212864056,1,1,0,-0,0,2,174
-6.120598684865531,1,1,0,-0,0,0,175
5.987130877016794,1,1,0,-0,0,1,175
16.13346780784874,1,1,0,-0,0,2,175
-6.180284325450003,1,1,0,-0,0,0,176
5.990814594254342,1,1,0,-0,0,1,176
16.189469731195665,1,1,0,-0,0,2,176
-6.240057455507228,1,1,0,-0,0,0,177
5.994469674958307,1,1,0,-0,0,1,177
16.245587780548924,1,1,0,-0,0,2,177
-6.299917171441523,1,1,0,-0,0,0,178
5.998096402546685,1,1,0,-0,0,1,178
16.301820768894842,1,1,0,-0,0,2,178
-6.359862582608649,1,1,0,-0,0,0,179
6.00169505825025,1,1,0,-0,0,1,179
16.358167524358404,1,1,0,-0,0,2,179
-6.4198928110858136,1,1,0,-0,0,0,180
6.00526592108418,1,1,0,-0,0,1,180
16.41462689000164,1,1,0,-0,0,2,180
-6.4800069914463885,1,1,0,-0,0,0,181
6.008809267822426,1,1,0,-0,0,1,181
16.471197723623966,1,1,0,-0,0,2,181
-6.540204270539231,1,1,0,-0,0,0,182
6.012325372974683,1,1,0,-0,0,1,182
16.527878897564552,1,1,0,-0,0,2,182
-6.6004838072725125,1,1,0,-0,0,0,183
6.015814508765849,1,1,0,-0,0,1,183
16.584669298506668,1,1,0,-0,0,2,183
-6.660844772401943,1,1,0,-0,0,0,184
6.019276945117848,1,1,0,-0,0,1,184
16.6415678272841,1,1,0,-0,0,2,184
-6.721286348323313,1,1,0,-0,0,0,185
6.0227129496336955,1,1,0,-0,0,1,185
16.69857339868962,1,1,0,-0,0,2,185
-6.781807728869237,1,1,0,-0,0,0,186
6.026122787583712,1,1,0,-0,0,1,186
16.75568494128553,1,1,0,-0,0,2,186
-6.842408119110015,1,1,0,-0,0,0,187
6.029506721893761,1,1,0,-0,0,1,187
16.812901397216258,1,1,0,-0,0,2,187
-6.90308673515853,1,1,0,-0,0,0,188
6.032865013135426,1,1,0,-0,0,1,188
16.870221722023107,1,1,0,-0,0,2,188
-6.963842803979066,1,1,0,-0,0,0,189
6.036197919518014,1,1,0,-0,0,1,189
16.927644884461056,1,1,0,-0,0,2,189
-7.0246755631999935,1,1,0,-0,0,0,190
6.0395056968823075,1,1,0,-0,0,1,190
16.98516986631769,1,1,0,-0,0,2,190
-7.085584260930204,1,1,0,-0,0,0,191
6.042788598695964,1,1,0,-0,0,1,191
17.042795662234244,1,1,0,-0,0,2,191
-7.146568155579238,1,1,0,-0,0,0,192
6.046046876050483,1,1,0,-0,0,1,192
17.10052127952876,1,1,0,-0,0,2,192
-7.207626515681003,1,1,0,-0,0,0,193
6.04928077765966,1,1,0,-0,0,1,193
17.15834573802135,1,1,0,-0,0,2,193
-7.268758619721022,1,1,0,-0,0,0,194
6.052490549859436,1,1,0,-0,0,1,194
17.21626806986159,1,1,0,-0,0,2,194
-7.329963755967116,1,1,0,-0,0,0,195
6.055676436609092,1,1,0,-0,0,1,195
17.274287319358027,1,1,0,-0,0,2,195
-7.391241222303457,1,1,0,-0,0,0,196
6.058838679493691,1,1,0,-0,0,1,196
17.33240254280977,1,1,0,-0,0,2,196
-7.4525903260679165,1,1,0,-0,0,0,197
6.061977517727712,1,1,0,-0,0,1,197
17.390612808340208,1,1,0,-0,0,2,197
-7.514010383892627,1,1,0,-0,0,0,198
6.065093188159807,1,1,0,-0,0,1,198
17.44891719573282,1,1,0,-0,0,2,198
-7.575500721547701,1,1,0,-0,0,0,199
6.0681859252786206,1,1,0,-0,0,1,199
17.507314796269082,1,1,0,-0,0,2,199
-7.637060673788025,1,1,0,-0,0,0,200
6.071255961219606,1,1,0,-0,0,1,200
17.565804712568422,1,1,0,-0,0,2,200
-7.698689584203071,1,1,0,-0,0,0,201
6.074303525772782,1,1,0,-0,0,1,201
17.62438605843029,1,1,0,-0,0,2,201
-7.760386805069646,1,1,0,-0,0,0,202
6.0773288463913815,1,1,0,-0,0,1,202
17.683057958678265,1,1,0,-0,0,2,202
-7.822151697207534,1,1,0,-0,0,0,203
6.080332148201325,1,1,0,-0,0,1,203
17.74181954900621,1,1,0,-0,0,2,203
-7.883983629837952,1,1,0,-0,0,0,204
6.083313654011486,1,1,0,-0,0,1,204
17.800669975826466,1,1,0,-0,0,2,204
-7.945881980444764,1,1,0,-0,0,0,205
6.086273584324685,1,1,0,-0,0,1,205
17.85960839612008,1,1,0,-0,0,2,205
-8.007846134638392,1,1,0,-0,0,0,206
6.0892121573493725,1,1,0,-0,0,1,206
17.91863397728902,1,1,0,-0,0,2,206
-8.069875486022369,1,1,0,-0,0,0,207
6.092129589011961,1,1,0,-0,0,1,207
17.977745897010408,1,1,0,-0,0,2,207
-8.131969436062473,1,1,0,-0,0,0,208
6.095026092969752,1,1,0,-0,0,1,208
18.03694334309272,1,1,0,-0,0,2,208
-8.194127393958382,1,1,0,-0,0,0,209
6.097901880624431,1,1,0,-0,0,1,209
18.09622551333395,1,1,0,-0,0,2,209
-8.256348776517807,1,1,0,-0,0,0,210
6.100757161136086,1,1,0,-0,0,1,210
18.15559161538172,1,1,0,-0,0,2,210
-8.318633008033038,1,1,0,-0,0,0,211
6.103592141437702,1,1,0,-0,0,1,211
18.21504086659533,1,1,0,-0,0,2,211
-8.38097952015985,1,1,0,-0,0,0,212
6.10640702625013,1,1,0,-0,0,1,212
18.274572493909716,1,1,0,-0,0,2,212
-8.443387751798737,1,1,0,-0,0,0,213
6.10920201809745,1,1,0,-0,0,1,213
18.334185733701286,1,1,0,-0,0,2,213
-8.505857148978402,1,1,0,-0,0,0,214
6.111977317322736,1,1,0,-0,0,1,214
18.393879831655667,1,1,0,-0,0,2,214
-8.568387164741461,1,1,0,-0,0,0,215
6.114733122104175,1,1,0,-0,0,1,215
18.453654042637286,1,1,0,-0,0,2,215
-8.630977259032317,1,1,0,-0,0,0,216
6.117469628471514,1,1,0,-0,0,1,216
18.513507630560802,1,1,0,-0,0,2,216
-8.69362689858716,1,1,0,-0,0,0,217
6.1201870303228025,1,1,0,-0,0,1,217
18.573439868264355,1,1,0,-0,0,2,217
-8.756335556826036,1,1,0,-0,0,0,218
6.122885519441417,1,1,0,-0,0,1,218
18.633450037384616,1,1,0,-0,0,2,218
-8.819102713746954,1,1,0,-0,0,0,219
6.125565285513327,1,1,0,-0,0,1,219
18.693537428233626,1,1,0,-0,0,2,219
-8.88192785582198,1,1,0,-0,0,0,220
6.128226516144592,1,1,0,-0,0,1,220
18.753701339677388,1,1,0,-0,0,2,220
-8.944810475895279,1,1,0,-0,0,0,221
6.130869396879062,1,1,0,-0,0,1,221
18.813941079016217,1,1,0,-0,0,2,221
-9.007750073083061,1,1,0,-0,0,0,222
6.133494111216254,1,1,0,-0,0,1,222
18.874255961866808,1,1,0,-0,0,2,222
-9.070746152675389,1,1,0,-0,0,0,223
6.1361008406293935,1,1,0,-0,0,1,223
18.934645312045994,1,1,0,-0,0,2,223
-9.133798226039813,1,1,0,-0,0,0,224
6.138689764583601,1,1,0,-0,0,1,224
18.995108461456212,1,1,0,-0,0,2,224
-9.196905810526804,1,1,0,-0,0,0,225
6.141261060554193,1,1,0,-0,0,1,225
19.05564474997261,1,1,0,-0,0,2,225
-9.260068429376913,1,1,0,-0,0,0,226
6.1438149040450964,1,1,0,-0,0,1,226
19.116253525331818,1,1,0,-0,0,2,226
-9.323285611629668,1,1,0,-0,0,0,227
6.146351468607351,1,1,0,-0,0,1,227
19.176934143022315,1,1,0,-0,0,2,227
-9.386556892034127,1,1,0,-0,0,0,228
6.1488709258576835,1,1,0,-0,0,1,228
19.237685966176443,1,1,0,-0,0,2,228
-9.449881810961086,1,1,0,-0,0,0,229
6.151373445497138,1,1,0,-0,0,1,229
19.29850836546395,1,1,0,-0,0,2,229
-9.51325991431689,1,1,0,-0,0,0,230
6.153859195329758,1,1,0,-0,0,1,230
19.359400718987132,1,1,0,-0,0,2,230
-9.576690753458816,1,1,0,-0,0,0,231
6.156328341281294,1,1,0,-0,0,1,231
19.42036241217752,1,1,0,-0,0,2,231
-9.640173885111997,1,1,0,-0,0,0,232
6.1587810474179285,1,1,0,-0,0,1,232
19.481392837694067,1,1,0,-0,0,2,232
-9.70370887128786,1,1,0,-0,0,0,233
6.161217475965014,1,1,0,-0,0,1,233
19.542491395322845,1,1,0,-0,0,2,233
-9.767295279204038,1,1,0,-0,0,0,234
6.163637787325796,1,1,0,-0,0,1,234
19.60365749187824,1,1,0,-0,0,2,234
-9.830932681205725,1,1,0,-0,0,0,235
6.166042140100133,1,1,0,-0,0,1,235
19.664890541105592,1,1,0,-0,0,2,235
-9.89462065468846,1,1,0,-0,0,0,236
6.168430691103177,1,1,0,-0,0,1,236
19.72618996358528,1,1,0,-0,0,2,236
-9.958358782022282,1,1,0,-0,0,0,237
6.170803595384029,1,1,0,-0,0,1,237
19.78755518663825,1,1,0,-0,0,2,237
-10.022146650477268,1,1,0,-0,0,0,238
6.173161006244345,1,1,0,-0,0,1,238
19.848985644232922,1,1,0,-0,0,2,238
-10.08598385215038,1,1,0,-0,0,0,239
6.175503075256892,1,1,0,-0,0,1,239
19.910480776893486,1,1,0,-0,0,2,239
-10.149869983893625,1,1,0,-0,0,0,240
6.17782995228404,1,1,0,-0,0,1,240
19.972040031609584,1,1,0,-0,0,2,240
-10.213804647243503,1,1,0,-0,0,0,241
6.180141785496188,1,1,0,-0,0,1,241
20.033662861747313,1,1,0,-0,0,2,241
-10.27778744835169,1,1,0,-0,0,0,242
6.182438721390114,1,1,0,-0,0,1,242
20.095348726961575,1,1,0,-0,0,2,242
-10.341817997916957,1,1,0,-0,0,0,243
6.184720904807243,1,1,0,-0,0,1,243
20.157097093109712,1,1,0,-0,0,2,243
-10.405895911118291,1,1,0,-0,0,0,244
6.186988478951824,1,1,0,-0,0,1,244
20.218907432166464,1,1,0,-0,0,2,244
-10.47002080754919,1,1,0,-0,0,0,245
6.189241585409021,1,1,0,-0,0,1,245
20.280779222140165,1,1,0,-0,0,2,245
-10.534192311153111,1,1,0,-0,0,0,246
6.191480364162892,1,1,0,-0,0,1,246
20.342711946990214,1,1,0,-0,0,2,246
-10.598410050160057,1,1,0,-0,0,0,247
6.193704953614278,1,1,0,-0,0,1,247
20.404705096545772,1,1,0,-0,0,2,247
-10.662673657024254,1,1,0,-0,0,0,248
6.1959154905985665,1,1,0,-0,0,1,248
20.46675816642568,1,1,0,-0,0,2,248
-10.72698276836293,1,1,0,-0,0,0,249
6.198112110403357,1,1,0,-0,0,1,249
20.528870657959565,1,1,0,-0,0,2,249
-10.791337024896155,1,1,0,-0,0,0,250
6.200294946785998,1,1,0,-0,0,1,250
20.59104207811015,1,1,0,-0,0,2,250
-10.855736071387712,1,1,0,-0,0,0,251
6.202464131991006,1,1,0,-0,0,1,251
20.6532719393967,1,1,0,-0,0,2,251
-10.920179556587005,1,1,0,-0,0,0,252
6.20461979676736,1,1,0,-0,0,1,252
20.715559759819637,1,1,0,-0,0,2,252
-10.984667133171955,1,1,0,-0,0,0,253
6.206762070385666,1,1,0,-0,0,1,253
20.77790506278628,1,1,0,-0,0,2,253
-11.049198457692889,1,1,0,-0,0,0,254
6.208891080655192,1,1,0,-0,0,1,254
20.84030737703769,1,1,0,-0,0,2,254
-11.113773190517382,1,1,0,-0,0,0,255
6.211006953940768,1,1,0,-0,0,1,255
20.902766236576603,1,1,0,-0,0,2,255
-11.178390995776043,1,1,0,-0,0,0,256
6.213109815179548,1,1,0,-0,0,1,256
20.965281180596488,1,1,0,-0,0,2,256
-11.243051541309239,1,1,0,-0,0,0,257
6.215199787897633,1,1,0,-0,0,1,257
21.0278517534116,1,1,0,-0,0,2,257
-11.307754498614702,1,1,0,-0,0,0,258
6.217276994226557,1,1,0,-0,0,1,258
21.09047750438814,1,1,0,-0,0,2,258
-11.372499542796048,1,1,0,-0,0,0,259
6.219341554919628,1,1,0,-0,0,1,259
21.153157987876416,1,1,0,-0,0,2,259
-11.437286352512144,1,1,0,-0,0,0,260
6.22139358936812,1,1,0,-0,0,1,260
21.21589276314402,1,1,0,-0,0,2,260
-11.502114609927355,1,1,0,-0,0,0,261
6.223433215617326,1,1,0,-0,0,1,261
21.278681394310023,1,1,0,-0,0,2,261
-11.566984000662607,1,1,0,-0,0,0,262
6.225460550382461,1,1,0,-0,0,1,262
21.34152345028014,1,1,0,-0,0,2,262
-11.631894213747284,1,1,0,-0,0,0,263
6.227475709064414,1,1,0,-0,0,1,263
21.404418504682862,1,1,0,-0,0,2,263
-11.696844941571921,1,1,0,-0,0,0,264
6.229478805765352,1,1,0,-0,0,1,264
21.46736613580656,1,1,0,-0,0,2,264
-11.761835879841698,1,1,0,-0,0,0,265
6.231469953304175,1,1,0,-0,0,1,265
21.530365926537513,1,1,0,-0,0,2,265
-11.826866727530698,1,1,0,-0,0,0,266
6.23344926323182,1,1,0,-0,0,1,266
21.593417464298867,1,1,0,-0,0,2,266
-11.89193718683693,1,1,0,-0,0,0,267
6.235416845846409,1,1,0,-0,0,1,267
21.65652034099051,1,1,0,-0,0,2,267
-11.957046963138103,1,1,0,-0,0,0,268
6.23737281020825,1,1,0,-0,0,1,268
21.71967415292984,1,1,0,-0,0,2,268
-12.022195764948112,1,1,0,-0,0,0,269
6.239317264154685,1,1,0,-0,0,1,269
21.782878500793416,1,1,0,-0,0,2,269
-12.087383303874265,1,1,0,-0,0,0,270
6.241250314314777,1,1,0,-0,0,1,270
21.846132989559475,1,1,0,-0,0,2,270
-12.152609294575196,1,1,0,-0,0,0,271
6.243172066123858,1,1,0,-0,0,1,271
21.909437228451324,1,1,0,-0,0,2,271
-12.217873454719474,1,1,0,-0,0,0,272
6.245082623837912,1,1,0,-0,0,1,272
21.972790830881546,1,1,0,-0,0,2,272
-12.283175504944886,1,1,0,-0,0,0,273
6.246982090547811,1,1,0,-0,0,1,273
22.03619341439706,1,1,0,-0,0,2,273
-12.348515168818393,1,1,0,-0,0,0,274
6.2488705681933965,1,1,0,-0,0,1,274
22.099644600624984,1,1,0,-0,0,2,274
-12.413892172796727,1,1,0,-0,0,0,275
6.250748157577409,1,1,0,-0,0,1,275
22.163144015219306,1,1,0,-0,0,2,275
-12.479306246187628,1,1,0,-0,0,0,276
6.252614958379264,1,1,0,-0,0,1,276
22.22669128780835,1,1,0,-0,0,2,276
-12.544757121111715,1,1,0,-0,0,0,277
6.254471069168681,1,1,0,-0,0,1,277
22.29028605194302,1,1,0,-0,0,2,277
-12.610244532464968,1,1,0,-0,0,0,278
6.256316587419153,1,1,0,-0,0,1,278
22.3539279450458,1,1,0,-0,0,2,278
-12.675768217881814,1,1,0,-0,0,0,279
6.258151609521274,1,1,0,-0,0,1,279
22.417616608360525,1,1,0,-0,0,2,279
-12.741327917698806,1,1,0,-0,0,0,280
6.259976230795907,1,1,0,-0,0,1,280
22.481351686902883,1,1,0,-0,0,2,280
-12.806923374918883,1,1,0,-0,0,0,281
6.261790545507212,1,1,0,-0,0,1,281
22.545132829411656,1,1,0,-0,0,2,281
-12.872554335176206,1,1,0,-0,0,0,282
6.263594646875519,1,1,0,-0,0,1,282
22.608959688300672,1,1,0,-0,0,2,282
-12.938220546701544,1,1,0,-0,0,0,283
6.2653886270900525,1,1,0,-0,0,1,283
22.672831919611475,1,1,0,-0,0,2,283
-13.003921760288218,1,1,0,-0,0,0,284
6.267172577321515,1,1,0,-0,0,1,284
22.736749182966687,1,1,0,-0,0,2,284
-13.069657729258584,1,1,0,-0,0,0,285
6.268946587734515,1,1,0,-0,0,1,285
22.80071114152405,1,1,0,-0,0,2,285
-13.135428209431044,1,1,0,-0,0,0,286
6.270710747499858,1,1,0,-0,0,1,286
22.864717461931168,1,1,0,-0,0,2,286
-13.201232959087577,1,1,0,-0,0,0,287
6.272465144806686,1,1,0,-0,0,1,287
22.92876781428087,1,1,0,-0,0,2,287
-13.267071738941777,1,1,0,-0,0,0,288
6.27420986687448,1,1,0,-0,0,1,288
22.992861872067277,1,1,0,-0,0,2,288
-13.332944312107406,1,1,0,-0,0,0,289
6.275944999964912,1,1,0,-0,0,1,289
23.056999312142473,1,1,0,-0,0,2,289
-13.39885044406742,1,1,0,-0,0,0,290
6.277670629393563,1,1,0,-0,0,1,290
23.121179814673837,1,1,0,-0,0,2,290
-13.464789902643496,1,1,0,-0,0,0,291
6.279386839541496,1,1,0,-0,0,1,291
23.18540306310198,1,1,0,-0,0,2,291
-13.530762457966015,1,1,0,-0,0,0,292
6.281093713866689,1,1,0,-0,0,1,292
23.249668744099303,1,1,0,-0,0,2,292
-13.596767882444528,1,1,0,-0,0,0,293
6.282791334915335,1,1,0,-0,0,1,293
23.31397654752917,1,1,0,-0,0,2,293
-13.662805950738676,1,1,0,-0,0,0,294
6.284479784333,1,1,0,-0,0,1,294
23.378326166405653,1,1,0,-0,0,2,294
-13.728876439729545,1,1,0,-0,0,0,295
6.286159142875641,1,1,0,-0,0,1,295
23.442717296853882,1,1,0,-0,0,2,295
-13.79497912849148,1,1,0,-0,0,0,296
6.287829490420501,1,1,0,-0,0,1,296
23.507149638070956,1,1,0,-0,0,2,296
-13.861113798264325,1,1,0,-0,0,0,297
6.2894909059768604,1,1,0,-0,0,1,297
23.571622892287444,1,1,0,-0,0,2,297
-13.927280232426087,1,1,0,-0,0,0,298
6.291143467696658,1,1,0,-0,0,1,298
23.636136764729407,1,1,0,-0,0,2,298
-13.993478216466016,1,1,0,-0,0,0,299
6.292787252884985,1,1,0,-0,0,1,299
23.70069096358101,1,1,0,-0,0,2,299
-14.059707537958106,1,1,0,-0,0,0,300
6.294422338010439,1,1,0,-0,0,1,300
23.765285199947645,1,1,0,-0,0,2,300
-14.125967986534985,1,1,0,-0,0,0,301
6.296048798715366,1,1,0,-0,0,1,301
23.8299191878196,1,1,0,-0,0,2,301
-14.192259353862212,1,1,0,-0,0,0,302
6.297666709825953,1,1,0,-0,0,1,302
23.89459264403624,1,1,0,-0,0,2,302
-14.258581433612962,1,1,0,-0,0,0,303
6.299276145362217,1,1,0,-0,0,1,303
23.959305288250725,1,1,0,-0,0,2,303
-14.324934021443083,1,1,0,-0,0,0,304
6.30087717854785,1,1,0,-0,0,1,304
24.024056842895213,1,1,0,-0,0,2,304
-14.391316914966538,1,1,0,-0,0,0,305
6.302469881819952,1,1,0,-0,0,1,305
24.088847033146568,1,1,0,-0,0,2,305
-14.457729913731217,1,1,0,-0,0,0,306
6.304054326838635,1,1,0,-0,0,1,306
24.153675586892565,1,1,0,-0,0,2,306
-14.524172819195106,1,1,0,-0,0,0,307
6.305630584496513,1,1,0,-0,0,1,307
24.218542234698575,1,1,0,-0,0,2,307
-14.590645434702814,1,1,0,-0,0,0,308
6.307198724928064,1,1,0,-0,0,1,308
24.283446709774733,1,1,0,-0,0,2,308
-14.65714756546245,1,1,0,-0,0,0,309
6.308758817518877,1,1,0,-0,0,1,309
24.348388747943556,1,1,0,-0,0,2,309
-14.723679018522844,1,1,0,-0,0,0,310
6.310310930914783,1,1,0,-0,0,1,310
24.413368087608042,1,1,0,-0,0,2,310
-14.790239602751106,1,1,0,-0,0,0,311
6.311855133030869,1,1,0,-0,0,1,311
24.47838446972022,1,1,0,-0,0,2,311
-14.856829128810514,1,1,0,-0,0,0,312
6.313391491060376,1,1,0,-0,0,1,312
24.54343763775012,1,1,0,-0,0,2,312
-14.923447409138737,1,1,0,-0,0,0,313
6.314920071483482,1,1,0,-0,0,1,313
24.608527337655236,1,1,0,-0,0,2,313
-14.990094257926366,1,1,0,-0,0,0,314
6.31644094007598,1,1,0,-0,0,1,314
24.67365331785037,1,1,0,-0,0,2,314
-15.056769491095773,1,1,0,-0,0,0,315
6.317954161917835,1,1,0,-0,0,1,315
24.73881532917792,1,1,0,-0,0,2,315
-15.123472926280266,1,1,0,-0,0,0,316
6.319459801401639,1,1,0,-0,0,1,316
24.80401312487861,1,1,0,-0,0,2,316
-15.190204382803566,1,1,0,-0,0,0,317
6.320957922240957,1,1,0,-0,0,1,317
24.869246460562593,1,1,0,-0,0,2,317
-15.256963681659562,1,1,0,-0,0,0,318
6.322448587478559,1,1,0,-0,0,1,318
24.934515094180988,1,1,0,-0,0,2,318
-15.32375064549238,1,1,0,-0,0,0,319
6.323931859494554,1,1,0,-0,0,1,319
24.99981878599781,1,1,0,-0,0,2,319
-15.39056509857673,1,1,0,-0,0,0,320
6.325407800014415,1,1,0,-0,0,1,320
25.065157298562298,1,1,0,-0,0,2,320
-15.457406866798538,1,1,0,-0,0,0,321
6.326876470116904,1,1,0,-0,0,1,321
25.130530396681618,1,1,0,-0,0,2,321
-15.524275777635863,1,1,0,-0,0,0,322
6.32833793024189,1,1,0,-0,0,1,322
25.195937847393957,1,1,0,-0,0,2,322
-15.591171660140082,1,1,0,-0,0,0,323
6.32979224019807,1,1,0,-0,0,1,323
25.261379419941996,1,1,0,-0,0,2,323
-15.65809434491735,1,1,0,-0,0,0,324
6.331239459170588,1,1,0,-0,0,1,324
25.326854885746744,1,1,0,-0,0,2,324
-15.725043664110324,1,1,0,-0,0,0,325
6.332679645728558,1,1,0,-0,0,1,325
25.39236401838175,1,1,0,-0,0,2,325
-15.792019451380147,1,1,0,-0,0,0,326
6.33411285783249,1,1,0,-0,0,1,326
25.45790659354764,1,1,0,-0,0,2,326
-15.85902154188869,1,1,0,-0,0,0,327
6.33553915284161,1,1,0,-0,0,1,327
25.523482389047064,1,1,0,-0,0,2,327
-15.92604977228105,1,1,0,-0,0,0,328
6.336958587521104,1,1,0,-0,0,1,328
25.58909118475993,1,1,0,-0,0,2,328
-15.993103980668286,1,1,0,-0,0,0,329
6.338371218049248,1,1,0,-0,0,1,329
25.654732762619023,1,1,0,-0,0,2,329
-16.060184006610413,1,1,0,-0,0,0,330
6.339777100024462,1,1,0,-0,0,1,330
25.720406906585936,1,1,0,-0,0,2,330
-16.127289691099623,1,1,0,-0,0,0,331
6.341176288472261,1,1,0,-0,0,1,331
25.786113402627347,1,1,0,-0,0,2,331
-16.194420876543752,1,1,0,-0,0,0,332
6.342568837852121,1,1,0,-0,0,1,332
25.851852038691618,1,1,0,-0,0,2,332
-16.26157740674998,1,1,0,-0,0,0,333
6.343954802064257,1,1,0,-0,0,1,333
25.91762260468571,1,1,0,-0,0,2,333
-16.328759126908743,1,1,0,-0,0,0,334
6.345334234456309,1,1,0,-0,0,1,334
25.983424892452422,1,1,0,-0,0,2,334
-16.395965883577894,1,1,0,-0,0,0,335
6.346707187829943,1,1,0,-0,0,1,335
26.04925869574794,1,1,0,-0,0,2,335
-16.46319752466707,1,1,0,-0,0,0,336
6.348073714447368,1,1,0,-0,0,1,336
26.11512381021969,1,1,0,-0,0,2,336
-16.53045389942227,1,1,0,-0,0,0,337
6.349433866037766,1,1,0,-0,0,1,337
26.181020033384492,1,1,0,-0,0,2,337
-16.59773485841067,1,1,0,-0,0,0,338
6.35078769380364,1,1,0,-0,0,1,338
26.24694716460702,1,1,0,-0,0,2,338
-16.665040253505634,1,1,0,-0,0,0,339
6.352135248427076,1,1,0,-0,0,1,339
26.31290500507854,1,1,0,-0,0,2,339
-16.732369937871912,1,1,0,-0,0,0,340
6.35347658007593,1,1,0,-0,0,1,340
26.378893357795967,1,1,0,-0,0,2,340
-16.799723765951097,1,1,0,-0,0,0,341
6.3548117384099285,1,1,0,-0,0,1,341
26.44491202754115,1,1,0,-0,0,2,341
-16.867101593447217,1,1,0,-0,0,0,342
6.356140772586693,1,1,0,-0,0,1,342
26.510960820860507,1,1,0,-0,0,2,342
-16.934503277312572,1,1,0,-0,0,0,343
6.357463731267685,1,1,0,-0,0,1,343
26.577039546044873,1,1,0,-0,0,2,343
-17.001928675733748,1,1,0,-0,0,0,344
6.358780662624073,1,1,0,-0,0,1,344
26.64314801310966,1,1,0,-0,0,2,344
-17.06937764811781,1,1,0,-0,0,0,345
6.360091614342529,1,1,0,-0,0,1,345
26.709286033775268,1,1,0,-0,0,2,345
-17.13685005507871,1,1,0,-0,0,0,346
6.361396633630936,1,1,0,-0,0,1,346
26.775453421447757,1,1,0,-0,0,2,346
-17.204345758423855,1,1,0,-0,0,0,347
6.362695767224042,1,1,0,-0,0,1,347
26.841649991199795,1,1,0,-0,0,2,347
-17.271864621140868,1,1,0,-0,0,0,348
6.36398906138902,1,1,0,-0,0,1,348
26.90787555975183,1,1,0,-0,0,2,348
-17.33940650738453,1,1,0,-0,0,0,349
6.365276561930967,1,1,0,-0,0,1,349
26.974129945453544,1,1,0,-0,0,2,349
-17.406971282463896,1,1,0,-0,0,0,350
6.366558314198333,1,1,0,-0,0,1,350
27.040412968265546,1,1,0,-0,0,2,350
-17.474558812829578,1,1,0,-0,0,0,351
6.36783436308827,1,1,0,-0,0,1,351
27.10672444974129,1,1,0,-0,0,2,351
-17.542168966061205,1,1,0,-0,0,0,352
6.369104753051923,1,1,0,-0,0,1,352
27.173064213009262,1,1,0,-0,0,2,352
-17.60980161085505,1,1,0,-0,0,0,353
6.370369528099644,1,1,0,-0,0,1,353
27.23943208275539,1,1,0,-0,0,2,353
-17.677456617011835,1,1,0,-0,0,0,354
6.371628731806143,1,1,0,-0,0,1,354
27.305827885205673,1,1,0,-0,0,2,354
-17.745133855424662,1,1,0,-0,0,0,355
6.37288240731557,1,1,0,-0,0,1,355
27.372251448109072,1,1,0,-0,0,2,355
-17.812833198067146,1,1,0,-0,0,0,356
6.374130597346531,1,1,0,-0,0,1,356
27.438702600720596,1,1,0,-0,0,2,356
-17.88055451798169,1,1,0,-0,0,0,357
6.375373344197042,1,1,0,-0,0,1,357
27.505181173784628,1,1,0,-0,0,2,357
-17.948297689267893,1,1,0,-0,0,0,358
6.376610689749415,1,1,0,-0,0,1,358
27.57168699951846,1,1,0,-0,0,2,358
-18.016062587071154,1,1,0,-0,0,0,359
6.377842675475085,1,1,0,-0,0,1,359
27.638219911596053,1,1,0,-0,0,2,359
-18.083849087571394,1,1,0,-0,0,0,360
6.379069342439369,1,1,0,-0,0,1,360
27.70477974513201,1,1,0,-0,0,2,360
-18.151657067971936,1,1,0,-0,0,0,361
6.38029073130617,1,1,0,-0,0,1,361
27.77136633666575,1,1,0,-0,0,2,361
-18.219486406488524,1,1,0,-0,0,0,362
6.381506882342615,1,1,0,-0,0,1,362
27.837979524145894,1,1,0,-0,0,2,362
-18.287336982338505,1,1,0,-0,0,0,363
6.382717835423637,1,1,0,-0,0,1,363
27.90461914691485,1,1,0,-0,0,2,363
-18.35520867573013,1,1,0,-0,0,0,364
6.383923630036496,1,1,0,-0,0,1,364
27.971285045693616,1,1,0,-0,0,2,364
-18.423101367852006,1,1,0,-0,0,0,365
6.385124305285241,1,1,0,-0,0,1,365
28.03797706256675,1,1,0,-0,0,2,365
-18.49101494086269,1,1,0,-0,0,0,366
6.386319899895114,1,1,0,-0,0,1,366
28.104695040967563,1,1,0,-0,0,2,366
-18.5589492778804,1,1,0,-0,0,0,367
6.387510452216905,1,1,0,-0,0,1,367
28.171438825663486,1,1,0,-0,0,2,367
-18.626904262972882,1,1,0,-0,0,0,368
6.388696000231237,1,1,0,-0,0,1,368
28.238208262741633,1,1,0,-0,0,2,368
-18.694879781147375,1,1,0,-0,0,0,369
6.389876581552809,1,1,0,-0,0,1,369
28.305003199594555,1,1,0,-0,0,2,369
-18.76287571834075,1,1,0,-0,0,0,370
6.3910522334345785,1,1,0,-0,0,1,370
28.371823484906162,1,1,0,-0,0,2,370
-18.830891961409744,1,1,0,-0,0,0,371
6.392222992771891,1,1,0,-0,0,1,371
28.43866896863784,1,1,0,-0,0,2,371
-18.898928398121313,1,1,0,-0,0,0,372
6.393388896106554,1,1,0,-0,0,1,372
28.50553950201475,1,1,0,-0,0,2,372
-18.966984917143147,1,1,0,-0,0,0,373
6.394549979630867,1,1,0,-0,0,1,373
28.57243493751227,1,1,0,-0,0,2,373
-19.03506140803426,1,1,0,-0,0,0,374
6.3957062791915895,1,1,0,-0,0,1,374
28.63935512884266,1,1,0,-0,0,2,374
-19.10315776123573,1,1,0,-0,0,0,375
6.3968578302938655,1,1,0,-0,0,1,375
28.706299930941853,1,1,0,-0,0,2,375
-19.171273868061554,1,1,0,-0,0,0,376
6.398004668105096,1,1,0,-0,0,1,376
28.773269199956445,1,1,0,-0,0,2,376
-19.239409620689596,1,1,0,-0,0,0,377
6.39914682745876,1,1,0,-0,0,1,377
28.840262793230824,1,1,0,-0,0,2,377
-19.307564912152685,1,1,0,-0,0,0,378
6.400284342858191,1,1,0,-0,0,1,378
28.907280569294482,1,1,0,-0,0,2,378
-19.375739636329794,1,1,0,-0,0,0,379
6.401417248480298,1,1,0,-0,0,1,379
28.974322387849483,1,1,0,-0,0,2,379
-19.443933687937346,1,1,0,-0,0,0,380
6.40254557817925,1,1,0,-0,0,1,380
29.04138810975808,1,1,0,-0,0,2,380
-19.512146962520628,1,1,0,-0,0,0,381
6.403669365490104,1,1,0,-0,0,1,381
29.10847759703051,1,1,0,-0,0,2,381
-19.58037935644531,1,1,0,-0,0,0,382
6.404788643632389,1,1,0,-0,0,1,382
29.175590712812905,1,1,0,-0,0,2,382
-19.648630766889067,1,1,0,-0,0,0,383
6.405903445513651,1,1,0,-0,0,1,383
29.2427273213754,1,1,0,-0,0,2,383
-19.716901091833314,1,1,0,-0,0,0,384
6.4070138037329425,1,1,0,-0,0,1,384
29.309887288100356,1,1,0,-0,0,2,384
-19.785190230055036,1,1,0,-0,0,0,385
6.408119750584277,1,1,0,-0,0,1,385
29.377070479470742,1,1,0,-0,0,2,385
-19.853498081118722,1,1,0,-0,0,0,386
6.409221318060032,1,1,0,-0,0,1,386
29.44427676305867,1,1,0,-0,0,2,386
-19.921824545368402,1,1,0,-0,0,0,387
6.410318537854319,1,1,0,-0,0,1,387
29.511506007514065,1,1,0,-0,0,2,387
-19.99016952391978,1,1,0,-0,0,0,388
6.4114114413662975,1,1,0,-0,0,1,388
29.578758082553463,1,1,0,-0,0,2,388
-20.058532918652457,1,1,0,-0,0,0,389
6.4125000597034605,1,1,0,-0,0,1,389
29.646032858948978,1,1,0,-0,0,2,389
-20.12691463220227,1,1,0,-0,0,0,390
6.4135844236848705,1,1,0,-0,0,1,390
29.71333020851738,1,1,0,-0,0,2,390
-20.1953145679537,1,1,0,-0,0,0,391
6.414664563844355,1,1,0,-0,0,1,391
29.780650004109326,1,1,0,-0,0,2,391
-20.263732630032397,1,1,0,-0,0,0,392
6.415740510433668,1,1,0,-0,0,1,392
29.847992119598707,1,1,0,-0,0,2,392
-20.332168723297766,1,1,0,-0,0,0,393
6.416812293425601,1,1,0,-0,0,1,393
29.91535642987214,1,1,0,-0,0,2,393
-20.40062275333568,1,1,0,-0,0,0,394
6.417879942517067,1,1,0,-0,0,1,394
29.98274281081859,1,1,0,-0,0,2,394
-20.469094626451255,1,1,0,-0,0,0,395
6.418943487132138,1,1,0,-0,0,1,395
30.050151139319095,1,1,0,-0,0,2,395
-20.537584249661727,1,1,0,-0,0,0,396
6.420002956425044,1,1,0,-0,0,1,396
30.11758129323666,1,1,0,-0,0,2,396
-20.606091530689405,1,1,0,-0,0,0,397
6.421058379283143,1,1,0,-0,0,1,397
30.185033151406238,1,1,0,-0,0,2,397
-20.674616377954713,1,1,0,-0,0,0,398
6.422109784329842,1,1,0,-0,0,1,398
30.252506593624847,1,1,0,-0,0,2,398
-20.74315870056932,1,1,0,-0,0,0,399
6.4231571999274895,1,1,0,-0,0,1,399
30.32000150064181,1,1,0,-0,0,2,399
-20.81171840832936,1,1,0,-0,0,0,400
6.424200654180231,1,1,0,-0,0,1,400
30.387517754149105,1,1,0,-0,0,2,400
-20.880295411708698,1,1,0,-0,0,0,401
6.425240174936825,1,1,0,-0,0,1,401
30.45505523677185,1,1,0,-0,0,2,401
-20.94888962185233,1,1,0,-0,0,0,402
6.426275789793429,1,1,0,-0,0,1,402
30.522613832058884,1,1,0,-0,0,2,402
-21.017500950569822,1,1,0,-0,0,0,403
6.427307526096349,1,1,0,-0,0,1,403
30.59019342447346,1,1,0,-0,0,2,403
-21.086129310328833,1,1,0,-0,0,0,404
6.428335410944749,1,1,0,-0,0,1,404
30.65779389938407,1,1,0,-0,0,2,404
-21.154774614248733,1,1,0,-0,0,0,405
6.429359471193341,1,1,0,-0,0,1,405
30.725415143055383,1,1,0,-0,0,2,405
-21.223436776094285,1,1,0,-0,0,0,406
6.430379733455026,1,1,0,-0,0,1,406
30.79305704263925,1,1,0,-0,0,2,406
-21.292115710269396,1,1,0,-0,0,0,407
6.43139622410351,1,1,0,-0,0,1,407
30.860719486165877,1,1,0,-0,0,2,407
-21.36081133181095,1,1,0,-0,0,0,408
6.432408969275891,1,1,0,-0,0,1,408
30.92840236253505,1,1,0,-0,0,2,408
-21.42952355638272,1,1,0,-0,0,0,409
6.433417994875206,1,1,0,-0,0,1,409
30.996105561507505,1,1,0,-0,0,2,409
-21.49825230026934,1,1,0,-0,0,0,410
6.43442332657295,1,1,0,-0,0,1,410
31.063828973696378,1,1,0,-0,0,2,410
-21.566997480370347,1,1,0,-0,0,0,411
6.435424989811568,1,1,0,-0,0,1,411
31.131572490558764,1,1,0,-0,0,2,411
-21.635759014194306,1,1,0,-0,0,0,412
6.436423009806912,1,1,0,-0,0,1,412
31.19933600438738,1,1,0,-0,0,2,412
-21.704536819852997,1,1,0,-0,0,0,413
6.4374174115506655,1,1,0,-0,0,1,413
31.267119408302317,1,1,0,-0,0,2,413
-21.773330816055662,1,1,0,-0,0,0,414
6.438408219812744,1,1,0,-0,0,1,414
31.334922596242905,1,1,0,-0,0,2,414
-21.842140922103333,1,1,0,-0,0,0,415
6.439395459143664,1,1,0,-0,0,1,415
31.402745462959654,1,1,0,-0,0,2,415
-21.910967057883212,1,1,0,-0,0,0,416
6.440379153876881,1,1,0,-0,0,1,416
31.47058790400632,1,1,0,-0,0,2,416
-21.979809143863136,1,1,0,-0,0,0,417
6.441359328131101,1,1,0,-0,0,1,417
31.538449815732022,1,1,0,-0,0,2,417
-22.04866710108608,1,1,0,-0,0,0,418
6.442336005812564,1,1,0,-0,0,1,418
31.606331095273504,1,1,0,-0,0,2,418
-22.11754085116475,1,1,0,-0,0,0,419
6.443309210617296,1,1,0,-0,0,1,419
31.67423164054744,1,1,0,-0,0,2,419
-22.186430316276212,1,1,0,-0,0,0,420
6.44427896603334,1,1,0,-0,0,1,420
31.742151350242857,1,1,0,-0,0,2,420
-22.25533541915661,1,1,0,-0,0,0,421
6.4452452953429535,1,1,0,-0,0,1,421
31.81009012381364,1,1,0,-0,0,2,421
-22.32425608309592,1,1,0,-0,0,0,422
6.446208221624784,1,1,0,-0,0,1,422
31.878047861471124,1,1,0,-0,0,2,422
-22.393192231932794,1,1,0,-0,0,0,423
6.447167767756014,1,1,0,-0,0,1,423
31.94602446417677,1,1,0,-0,0,2,423
-22.46214379004942,1,1,0,-0,0,0,424
6.448123956414484,1,1,0,-0,0,1,424
32.014019833634926,1,1,0,-0,0,2,424
-22.53111068236649,1,1,0,-0,0,0,425
6.449076810080788,1,1,0,-0,0,1,425
32.08203387228569,1,1,0,-0,0,2,425
-22.600092834338174,1,1,0,-0,0,0,426
6.450026351040342,1,1,0,-0,0,1,426
32.15006648329782,1,1,0,-0,0,2,426
-22.669090171947207,1,1,0,-0,0,0,427
6.4509726013854305,1,1,0,-0,0,1,427
32.218117570561766,1,1,0,-0,0,2,427
-22.738102621699984,1,1,0,-0,0,0,428
6.451915583017226,1,1,0,-0,0,1,428
32.28618703868275,1,1,0,-0,0,2,428
-22.80713011062173,1,1,0,-0,0,0,429
6.452855317647786,1,1,0,-0,0,1,429
32.35427479297393,1,1,0,-0,0,2,429
-22.87617256625174,1,1,0,-0,0,0,430
6.453791826802025,1,1,0,-0,0,1,430
32.4223807394497,1,1,0,-0,0,2,430
-22.945229916638635,1,1,0,-0,0,0,431
6.454725131819663,1,1,0,-0,0,1,431
32.49050478481896,1,1,0,-0,0,2,431
-23.014302090335708,1,1,0,-0,0,0,432
6.455655253857149,1,1,0,-0,0,1,432
32.558646836478545,1,1,0,-0,0,2,432
-23.083389016396303,1,1,0,-0,0,0,433
6.4565822138895665,1,1,0,-0,0,1,433
32.62680680250672,1,1,0,-0,0,2,433
-23.152490624369257,1,1,0,-0,0,0,434
6.45750603271251,1,1,0,-0,0,1,434
32.69498459165673,1,1,0,-0,0,2,434
-23.22160684429437,1,1,0,-0,0,0,435
6.45842673094394,1,1,0,-0,0,1,435
32.76318011335041,1,1,0,-0,0,2,435
-23.29073760669796,1,1,0,-0,0,0,436
6.459344329026025,1,1,0,-0,0,1,436
32.831393277671914,1,1,0,-0,0,2,436
-23.359882842588437,1,1,0,-0,0,0,437
6.460258847226944,1,1,0,-0,0,1,437
32.89962399536147,1,1,0,-0,0,2,437
-23.429042483451948,1,1,0,-0,0,0,438
6.461170305642688,1,1,0,-0,0,1,438
32.96787217780924,1,1,0,-0,0,2,438
-23.49821646124806,1,1,0,-0,0,0,439
6.462078724198823,1,1,0,-0,0,1,439
33.036137737049216,1,1,0,-0,0,2,439
-23.567404708405483,1,1,0,-0,0,0,440
6.462984122652241,1,1,0,-0,0,1,440
33.104420585753225,1,1,0,-0,0,2,440
-23.63660715781786,1,1,0,-0,0,0,441
6.463886520592888,1,1,0,-0,0,1,441
33.172720637224955,1,1,0,-0,0,2,441
-23.705823742839588,1,1,0,-0,0,0,442
6.464785937445475,1,1,0,-0,0,1,442
33.24103780539409,1,1,0,-0,0,2,442
-23.77505439728169,1,1,0,-0,0,0,443
6.465682392471159,1,1,0,-0,0,1,443
33.30937200481051,1,1,0,-0,0,2,443
-23.84429905540773,1,1,0,-0,0,0,444
6.466575904769217,1,1,0,-0,0,1,444
33.3777231506385,1,1,0,-0,0,2,444
-23.91355765192979,1,1,0,-0,0,0,445
6.46746649327869,1,1,0,-0,0,1,445
33.446091158651086,1,1,0,-0,0,2,445
-23.98283012200445,1,1,0,-0,0,0,446
6.468354176780014,1,1,0,-0,0,1,446
33.514475945224426,1,1,0,-0,0,2,446
-24.05211640122886,1,1,0,-0,0,0,447
6.469238973896629,1,1,0,-0,0,1,447
33.58287742733222,1,1,0,-0,0,2,447
-24.121416425636827,1,1,0,-0,0,0,448
6.470120903096567,1,1,0,-0,0,1,448
33.651295522540245,1,1,0,-0,0,2,448
-24.19073013169494,1,1,0,-0,0,0,449
6.470999982694028,1,1,0,-0,0,1,449
33.719730149000895,1,1,0,-0,0,2,449
-24.260057456298767,1,1,0,-0,0,0,450
6.471876230850932,1,1,0,-0,0,1,450
33.788181225447815,1,1,0,-0,0,2,450
-24.329398336769056,1,1,0,-0,0,0,451
6.472749665578453,1,1,0,-0,0,1,451
33.856648671190584,1,1,0,-0,0,2,451
-24.398752710848004,1,1,0,-0,0,0,452
6.473620304738537,1,1,0,-0,0,1,452
33.92513240610945,1,1,0,-0,0,2,452
-24.46812051669556,1,1,0,-0,0,0,453
6.474488166045403,1,1,0,-0,0,1,453
33.99363235065014,1,1,0,-0,0,2,453
-24.537501692885755,1,1,0,-0,0,0,454
6.4753532670670255,1,1,0,-0,0,1,454
34.06214842581871,1,1,0,-0,0,2,454
-24.606896178403087,1,1,0,-0,0,0,455
6.4762156252265966,1,1,0,-0,0,1,455
34.130680553176475,1,1,0,-0,0,2,455
-24.676303912638943,1,1,0,-0,0,0,456
6.4770752578039765,1,1,0,-0,0,1,456
34.199228654834954,1,1,0,-0,0,2,456
-24.745724835388053,1,1,0,-0,0,0,457
6.477932181937126,1,1,0,-0,0,1,457
34.26779265345091,1,1,0,-0,0,2,457
-24.81515888684498,1,1,0,-0,0,0,458
6.478786414623518,1,1,0,-0,0,1,458
34.33637247222144,1,1,0,-0,0,2,458
-24.884606007600656,1,1,0,-0,0,0,459
6.479637972721538,1,1,0,-0,0,1,459
34.4049680348791,1,1,0,-0,0,2,459
-24.954066138638954,1,1,0,-0,0,0,460
6.480486872951866,1,1,0,-0,0,1,460
34.473579265687064,1,1,0,-0,0,2,460
-25.02353922133329,1,1,0,-0,0,0,461
6.481333131898842,1,1,0,-0,0,1,461
34.54220608943442,1,1,0,-0,0,2,461
-25.093025197443264,1,1,0,-0,0,0,462
6.482176766011818,1,1,0,-0,0,1,462
34.61084843143142,1,1,0,-0,0,2,462
-25.162524009111337,1,1,0,-0,0,0,463
6.483017791606491,1,1,0,-0,0,1,463
34.67950621750482,1,1,0,-0,0,2,463
-25.232035598859543,1,1,0,-0,0,0,464
6.483856224866224,1,1,0,-0,0,1,464
34.748179373993295,1,1,0,-0,0,2,464
-25.30155990958624,1,1,0,-0,0,0,465
6.484692081843351,1,1,0,-0,0,1,465
34.81686782774286,1,1,0,-0,0,2,465
-25.37109688456288,1,1,0,-0,0,0,466
6.485525378460465,1,1,0,-0,0,1,466
34.88557150610239,1,1,0,-0,0,2,466
-25.440646467430845,1,1,0,-0,0,0,467
6.486356130511695,1,1,0,-0,0,1,467
34.95429033691912,1,1,0,-0,0,2,467
-25.510208602198272,1,1,0,-0,0,0,468
6.487184353663963,1,1,0,-0,0,1,468
35.02302424853428,1,1,0,-0,0,2,468
-25.57978323323695,1,1,0,-0,0,0,469
6.488010063458236,1,1,0,-0,0,1,469
35.091773169778676,1,1,0,-0,0,2,469
-25.64937030527922,1,1,0,-0,0,0,470
6.488833275310752,1,1,0,-0,0,1,470
35.16053702996843,1,1,0,-0,0,2,470
-25.718969763414936,1,1,0,-0,0,0,471
6.489654004514238,1,1,0,-0,0,1,471
35.22931575890066,1,1,0,-0,0,2,471
-25.788581553088434,1,1,0,-0,0,0,472
6.490472266239117,1,1,0,-0,0,1,472
35.29810928684928,1,1,0,-0,0,2,472
-25.858205620095546,1,1,0,-0,0,0,473
6.4912880755347,1,1,0,-0,0,1,473
35.36691754456081,1,1,0,-0,0,2,473
-25.927841910580636,1,1,0,-0,0,0,474
6.492101447330356,1,1,0,-0,0,1,474
35.43574046325025,1,1,0,-0,0,2,474
-25.997490371033667,1,1,0,-0,0,0,475
6.4929123964366795,1,1,0,-0,0,1,475
35.504577974596955,1,1,0,-0,0,2,475
-26.067150948287313,1,1,0,-0,0,0,476
6.493720937546644,1,1,0,-0,0,1,476
35.57343001074064,1,1,0,-0,0,2,476
-26.136823589514087,1,1,0,-0,0,0,477
6.494527085236732,1,1,0,-0,0,1,477
35.64229650427732,1,1,0,-0,0,2,477
-26.206508242223492,1,1,0,-0,0,0,478
6.495330853968069,1,1,0,-0,0,1,478
35.711177388255386,1,1,0,-0,0,2,478
-26.27620485425922,1,1,0,-0,0,0,479
6.496132258087526,1,1,0,-0,0,1,479
35.78007259617166,1,1,0,-0,0,2,479
-26.34591337379637,1,1,0,-0,0,0,480
6.496931311828825,1,1,0,-0,0,1,480
35.848982061967504,1,1,0,-0,0,2,480
-26.415633749338692,1,1,0,-0,0,0,481
6.497728029313626,1,1,0,-0,0,1,481
35.917905720025026,1,1,0,-0,0,2,481
-26.48536592971586,1,1,0,-0,0,0,482
6.498522424552598,1,1,0,-0,0,1,482
35.98684350516322,1,1,0,-0,0,2,482
-26.555109864080787,1,1,0,-0,0,0,483
6.499314511446488,1,1,0,-0,0,1,483
36.055795352634256,1,1,0,-0,0,2,483
-26.624865501906932,1,1,0,-0,0,0,484
6.5001043037871655,1,1,0,-0,0,1,484
36.12476119811972,1,1,0,-0,0,2,484
-26.694632792985683,1,1,0,-0,0,0,485
6.500891815258668,1,1,0,-0,0,1,485
36.19374097772697,1,1,0,-0,0,2,485
-26.764411687423724,1,1,0,-0,0,0,486
6.501677059438224,1,1,0,-0,0,1,486
36.26273462798545,1,1,0,-0,0,2,486
-26.834202135640453,1,1,0,-0,0,0,487
6.502460049797274,1,1,0,-0,0,1,487
36.33174208584313,1,1,0,-0,0,2,487
-26.90400408836542,1,1,0,-0,0,0,488
6.503240799702471,1,1,0,-0,0,1,488
36.4007632886629,1,1,0,-0,0,2,488
-26.973817496635775,1,1,0,-0,0,0,489
6.50401932241668,1,1,0,-0,0,1,489
36.46979817421905,1,1,0,-0,0,2,489
-27.043642311793782,1,1,0,-0,0,0,490
6.504795631099953,1,1,0,-0,0,1,490
36.53884668069379,1,1,0,-0,0,2,490
-27.11347848548431,1,1,0,-0,0,0,491
6.505569738810512,1,1,0,-0,0,1,491
36.60790874667376,1,1,0,-0,0,2,491
-27.183325969652383,1,1,0,-0,0,0,492
6.506341658505701,1,1,0,-0,0,1,492
36.67698431114664,1,1,0,-0,0,2,492
-27.25318471654073,1,1,0,-0,0,0,493
6.5071114030429404,1,1,0,-0,0,1,493
36.746073313497746,1,1,0,-0,0,2,493
-27.32305467868739,1,1,0,-0,0,0,494
6.507878985180669,1,1,0,-0,0,1,494
36.81517569350668,1,1,0,-0,0,2,494
-27.39293580892332,1,1,0,-0,0,0,495
6.508644417579273,1,1,0,-0,0,1,495
36.88429139134401,1,1,0,-0,0,2,495
-27.462828060370008,1,1,0,-0,0,0,496
6.509407712802003,1,1,0,-0,0,1,496
36.95342034756796,1,1,0,-0,0,2,496
-27.53273138643716,1,1,0,-0,0,0,497
6.510168883315888,1,1,0,-0,0,1,497
37.02256250312123,1,1,0,-0,0,2,497
-27.602645740820368,1,1,0,-0,0,0,498
6.510927941492635,1,1,0,-0,0,1,498
37.09171779932769,1,1,0,-0,0,2,498
-27.672571077498816,1,1,0,-0,0,0,499
6.511684899609514,1,1,0,-0,0,1,499
37.16088617788926,1,1,0,-0,0,2,499
-27.742507350733003,1,1,0,-0,0,0,500
6.5124397698502445,1,1,0,-0,0,1,500
37.23006758088272,1,1,0,-0,0,2,500
-27.812454515062505,1,1,0,-0,0,0,501
6.513192564305864,1,1,0,-0,0,1,501
37.2992619507566,1,1,0,-0,0,2,501
-27.882412525303735,1,1,0,-0,0,0,502
6.513943294975588,1,1,0,-0,0,1,502
37.36846923032811,1,1,0,-0,0,2,502
-27.952381336547745,1,1,0,-0,0,0,503
6.514691973767663,1,1,0,-0,0,1,503
37.43768936278004,1,1,0,-0,0,2,503
-28.02236090415803,1,1,0,-0,0,0,504
6.515438612500208,1,1,0,-0,0,1,504
37.50692229165778,1,1,0,-0,0,2,504
-28.09235118376838,1,1,0,-0,0,0,505
6.516183222902051,1,1,0,-0,0,1,505
37.576167960866286,1,1,0,-0,0,2,505
-28.162352131280723,1,1,0,-0,0,0,506
6.5169258166135515,1,1,0,-0,0,1,506
37.645426314667134,1,1,0,-0,0,2,506
-28.232363702863022,1,1,0,-0,0,0,507
6.517666405187415,1,1,0,-0,0,1,507
37.71469729767557,1,1,0,-0,0,2,507
-28.302385854947154,1,1,0,-0,0,0,508
6.518405000089502,1,1,0,-0,0,1,508
37.78398085485762,1,1,0,-0,0,2,508
-28.37241854422684,1,1,0,-0,0,0,509
6.5191416126996256,1,1,0,-0,0,1,509
37.853276931527176,1,1,0,-0,0,2,509
-28.442461727655587,1,1,0,-0,0,0,510
6.519876254312341,1,1,0,-0,0,1,510
37.92258547334321,1,1,0,-0,0,2,510
-28.512515362444645,1,1,0,-0,0,0,511
6.520608936137726,1,1,0,-0,0,1,511
37.99190642630688,1,1,0,-0,0,2,511
-28.582579406060987,1,1,0,-0,0,0,512
6.5213396693021535,1,1,0,-0,0,1,512
38.0612397367588,1,1,0,-0,0,2,512
-28.652653816225307,1,1,0,-0,0,0,513
6.522068464849058,1,1,0,-0,0,1,513
38.13058535137622,1,1,0,-0,0,2,513
-28.72273855091004,1,1,0,-0,0,0,514
6.5227953337396904,1,1,0,-0,0,1,514
38.19994321717032,1,1,0,-0,0,2,514
-28.792833568337404,1,1,0,-0,0,0,515
6.523520286853866,1,1,0,-0,0,1,515
38.26931328148351,1,1,0,-0,0,2,515
-28.86293882697744,1,1,0,-0,0,0,516
6.5242433349907065,1,1,0,-0,0,1,516
38.33869549198671,1,1,0,-0,0,2,516
-28.933054285546113,1,1,0,-0,0,0,517
6.524964488869369,1,1,0,-0,0,1,517
38.40808979667672,1,1,0,-0,0,2,517
-29.003179903003378,1,1,0,-0,0,0,518
6.525683759129773,1,1,0,-0,0,1,518
38.47749614387358,1,1,0,-0,0,2,518
-29.073315638551307,1,1,0,-0,0,0,519
6.5264011563333195,1,1,0,-0,0,1,519
38.546914482217964,1,1,0,-0,0,2,519
-29.143461451632223,1,1,0,-0,0,0,520
6.527116690963595,1,1,0,-0,0,1,520
38.6163447606686,1,1,0,-0,0,2,520
-29.21361730192683,1,1,0,-0,0,0,521
6.527830373427078,1,1,0,-0,0,1,521
38.68578692849973,1,1,0,-0,0,2,521
-29.2837831493524,1,1,0,-0,0,0,522
6.528542214053831,1,1,0,-0,0,1,522
38.755240935298545,1,1,0,-0,0,2,522
-29.35395895406093,1,1,0,-0,0,0,523
6.5292522230981875,1,1,0,-0,0,1,523
38.82470673096272,1,1,0,-0,0,2,523
-29.424144676437358,1,1,0,-0,0,0,524
6.529960410739433,1,1,0,-0,0,1,524
38.8941842656979,1,1,0,-0,0,2,524
-29.494340277097784,1,1,0,-0,0,0,525
6.530666787082477,1,1,0,-0,0,1,525
38.96367349001529,1,1,0,-0,0,2,525
-29.564545716887693,1,1,0,-0,0,0,526
6.531371362158518,1,1,0,-0,0,1,526
39.033174354729155,1,1,0,-0,0,2,526
-29.6347609568802,1,1,0,-0,0,0,527
6.532074145925705,1,1,0,-0,0,1,527
39.102686810954474,1,1,0,-0,0,2,527
-29.70498595837433,1,1,0,-0,0,0,528
6.532775148269786,1,1,0,-0,0,1,528
39.172210810104524,1,1,0,-0,0,2,528
-29.775220682893295,1,1,0,-0,0,0,529
6.533474379004753,1,1,0,-0,0,1,529
39.241746303888526,1,1,0,-0,0,2,529
-29.845465092182792,1,1,0,-0,0,0,530
6.534171847873482,1,1,0,-0,0,1,530
39.31129324430929,1,1,0,-0,0,2,530
-29.915719148209313,1,1,0,-0,0,0,531
6.534867564548366,1,1,0,-0,0,1,531
39.38085158366093,1,1,0,-0,0,2,531
-29.985982813158486,1,1,0,-0,0,0,532
6.535561538631933,1,1,0,-0,0,1,532
39.45042127452653,1,1,0,-0,0,2,532
-30.05625604943341,1,1,0,-0,0,0,533
6.536253779657474,1,1,0,-0,0,1,533
39.520002269775915,1,1,0,-0,0,2,533
-30.126538819653028,1,1,0,-0,0,0,534
6.536944297089647,1,1,0,-0,0,1,534
39.58959452256336,1,1,0,-0,0,2,534
-30.196831086650487,1,1,0,-0,0,0,535
6.537633100325087,1,1,0,-0,0,1,535
39.65919798632538,1,1,0,-0,0,2,535
-30.267132813471548,1,1,0,-0,0,0,536
6.538320198693006,1,1,0,-0,0,1,536
39.728812614778526,1,1,0,-0,0,2,536
-30.33744396337298,1,1,0,-0,0,0,537
6.539005601455781,1,1,0,-0,0,1,537
39.798438361917185,1,1,0,-0,0,2,537
-30.407764499820985,1,1,0,-0,0,0,538
6.539689317809547,1,1,0,-0,0,1,538
39.868075182011424,1,1,0,-0,0,2,538
-30.478094386489634,1,1,0,-0,0,0,539
6.5403713568847754,1,1,0,-0,0,1,539
39.93772302960485,1,1,0,-0,0,2,539
-30.548433587259318,1,1,0,-0,0,0,540
6.54105172774685,1,1,0,-0,0,1,540
40.007381859512456,1,1,0,-0,0,2,540
-30.618782066215203,1,1,0,-0,0,0,541
6.541730439396634,1,1,0,-0,0,1,541
40.07705162681856,1,1,0,-0,0,2,541
-30.689139787645725,1,1,0,-0,0,0,542
6.542407500771036,1,1,0,-0,0,1,542
40.14673228687468,1,1,0,-0,0,2,542
-30.75950671604107,1,1,0,-0,0,0,543
6.543082920743566,1,1,0,-0,0,1,543
40.216423795297494,1,1,0,-0,0,2,543
-30.829882816091683,1,1,0,-0,0,0,544
6.543756708124887,1,1,0,-0,0,1,544
40.28612610796679,1,1,0,-0,0,2,544
-30.900268052686787,1,1,0,-0,0,0,545
6.544428871663362,1,1,0,-0,0,1,545
40.35583918102342,1,1,0,-0,0,2,545
-30.97066239091292,1,1,0,-0,0,0,546
6.545099420045594,1,1,0,-0,0,1,546
40.42556297086732,1,1,0,-0,0,2,546
-31.04106579605248,1,1,0,-0,0,0,547
6.545768361896964,1,1,0,-0,0,1,547
40.4952974341555,1,1,0,-0,0,2,547
-31.111478233582275,1,1,0,-0,0,0,548
6.546435705782154,1,1,0,-0,0,1,548
40.56504252780011,1,1,0,-0,0,2,548
-31.181899669172115,1,1,0,-0,0,0,549
6.547101460205679,1,1,0,-0,0,1,549
40.63479820896642,1,1,0,-0,0,2,549
-31.252330068683378,1,1,0,-0,0,0,550
6.547765633612401,1,1,0,-0,0,1,550
40.704564435070964,1,1,0,-0,0,2,550
-31.322769398167623,1,1,0,-0,0,0,551
6.548428234388042,1,1,0,-0,0,1,551
40.77434116377957,1,1,0,-0,0,2,551
-31.39321762386519,1,1,0,-0,0,0,552
6.549089270859697,1,1,0,-0,0,1,552
40.84412835300548,1,1,0,-0,0,2,552
-31.463674712203836,1,1,0,-0,0,0,553
6.549748751296335,1,1,0,-0,0,1,553
40.91392596090749,1,1,0,-0,0,2,553
-31.53414062979736,1,1,0,-0,0,0,554
6.550406683909295,1,1,0,-0,0,1,554
40.983733945888055,1,1,0,-0,0,2,554
-31.604615343444255,1,1,0,-0,0,0,555
6.551063076852785,1,1,0,-0,0,1,555
41.05355226659146,1,1,0,-0,0,2,555
-31.67509882012637,1,1,0,-0,0,0,556
6.551717938224362,1,1,0,-0,0,1,556
41.123380881901994,1,1,0,-0,0,2,556
-31.745591027007574,1,1,0,-0,0,0,557
6.552371276065424,1,1,0,-0,0,1,557
41.19321975094214,1,1,0,-0,0,2,557
-31.81609193143246,1,1,0,-0,0,0,558
6.553023098361682,1,1,0,-0,0,1,558
41.26306883307077,1,1,0,-0,0,2,558
-31.886601500925014,1,1,0,-0,0,0,559
6.553673413043638,1,1,0,-0,0,1,559
41.33292808788136,1,1,0,-0,0,2,559
-31.95711970318734,1,1,0,-0,0,0,560
6.554322227987052,1,1,0,-0,0,1,560
41.40279747520028,1,1,0,-0,0,2,560
-32.027646506098385,1,1,0,-0,0,0,561
6.554969551013406,1,1,0,-0,0,1,561
41.47267695508497,1,1,0,-0,0,2,561
-32.09818187771264,1,1,0,-0,0,0,562
6.555615389890365,1,1,0,-0,0,1,562
41.54256648782227,1,1,0,-0,0,2,562
-32.16872578625892,1,1,0,-0,0,0,563
6.556259752332231,1,1,0,-0,0,1,563
41.61246603392668,1,1,0,-0,0,2,563
-32.239278200139076,1,1,0,-0,0,0,564
6.556902646000394,1,1,0,-0,0,1,564
41.68237555413867,1,1,0,-0,0,2,564
-32.309839087926804,1,1,0,-0,0,0,565
6.557544078503778,1,1,0,-0,0,1,565
41.752295009423015,1,1,0,-0,0,2,565
-32.38040841836638,1,1,0,-0,0,0,566
6.558184057399284,1,1,0,-0,0,1,566
41.822224360967084,1,1,0,-0,0,2,566
-32.45098616037146,1,1,0,-0,0,0,567
6.558822590192225,1,1,0,-0,0,1,567
41.89216357017922,1,1,0,-0,0,2,567
-32.52157228302388,1,1,0,-0,0,0,568
6.55945968433676,1,1,0,-0,0,1,568
41.96211259868711,1,1,0,-0,0,2,568
-32.592166755572464,1,1,0,-0,0,0,569
6.560095347236323,1,1,0,-0,0,1,569
42.03207140833614,1,1,0,-0,0,2,569
-32.662769547431836,1,1,0,-0,0,0,570
6.5607295862440465,1,1,0,-0,0,1,570
42.102039961187785,1,1,0,-0,0,2,570
-32.73338062818124,1,1,0,-0,0,0,571
6.561362408663184,1,1,0,-0,0,1,571
42.17201821951805,1,1,0,-0,0,2,571
-32.803999967563385,1,1,0,-0,0,0,572
6.5619938217475235,1,1,0,-0,0,1,572
42.24200614581586,1,1,0,-0,0,2,572
-32.8746275354833,1,1,0,-0,0,0,573
6.562623832701801,1,1,0,-0,0,1,573
42.312003702781496,1,1,0,-0,0,2,573
-32.94526330200718,1,1,0,-0,0,0,574
6.563252448682109,1,1,0,-0,0,1,574
42.38201085332506,1,1,0,-0,0,2,574
-33.01590723736125,1,1,0,-0,0,0,575
6.563879676796297,1,1,0,-0,0,1,575
42.45202756056494,1,1,0,-0,0,2,575
-33.086559311930664,1,1,0,-0,0,0,576
6.564505524104378,1,1,0,-0,0,1,576
42.52205378782627,1,1,0,-0,0,2,576
-33.15721949625837,1,1,0,-0,0,0,577
6.565129997618919,1,1,0,-0,0,1,577
42.59208949863944,1,1,0,-0,0,2,577
-33.227887761044016,1,1,0,-0,0,0,578
6.5657531043054345,1,1,0,-0,0,1,578
42.66213465673857,1,1,0,-0,0,2,578
-33.298564077142856,1,1,0,-0,0,0,579
6.566374851082777,1,1,0,-0,0,1,579
42.73218922606007,1,1,0,-0,0,2,579
-33.36924841556467,1,1,0,-0,0,0,580
6.566995244823522,1,1,0,-0,0,1,580
42.80225317074114,1,1,0,-0,0,2,580
-33.439940747472676,1,1,0,-0,0,0,581
6.567614292354344,1,1,0,-0,0,1,581
42.87232645511832,1,1,0,-0,0,2,581
-33.51064104418247,1,1,0,-0,0,0,582
6.568232000456399,1,1,0,-0,0,1,582
42.94240904372606,1,1,0,-0,0,2,582
-33.581349277160975,1,1,0,-0,0,0,583
6.568848375865698,1,1,0,-0,0,1,583
43.01250090129527,1,1,0,-0,0,2,583
-33.652065418025394,1,1,0,-0,0,0,584
6.5694634252734705,1,1,0,-0,0,1,584
43.08260199275191,1,1,0,-0,0,2,584
-33.72278943854216,1,1,0,-0,0,0,585
6.5700771553265405,1,1,0,-0,0,1,585
43.15271228321561,1,1,0,-0,0,2,585
-33.79352131062591,1,1,0,-0,0,0,586
6.570689572627683,1,1,0,-0,0,1,586
43.22283173799821,1,1,0,-0,0,2,586
-33.86426100633848,1,1,0,-0,0,0,587
6.571300683735984,1,1,0,-0,0,1,587
43.29296032260248,1,1,0,-0,0,2,587
-33.935008497887864,1,1,0,-0,0,0,588
6.5719104951672,1,1,0,-0,0,1,588
43.363098002720655,1,1,0,-0,0,2,588
-34.005763757627236,1,1,0,-0,0,0,589
6.572519013394104,1,1,0,-0,0,1,589
43.43324474423312,1,1,0,-0,0,2,589
-34.076526758053944,1,1,0,-0,0,0,590
6.5731262448468435,1,1,0,-0,0,1,590
43.50340051320709,1,1,0,-0,0,2,590
-34.147297471808514,1,1,0,-0,0,0,591
6.573732195913277,1,1,0,-0,0,1,591
43.57356527589523,1,1,0,-0,0,2,591
-34.21807587167369,1,1,0,-0,0,0,592
6.574336872939324,1,1,0,-0,0,1,592
43.64373899873436,1,1,0,-0,0,2,592
-34.288861930573454,1,1,0,-0,0,0,593
6.574940282229299,1,1,0,-0,0,1,593
43.71392164834415,1,1,0,-0,0,2,593
-34.35965562157206,1,1,0,-0,0,0,594
6.5755424300462515,1,1,0,-0,0,1,594
43.7841131915258,1,1,0,-0,0,2,594
-34.43045691787308,1,1,0,-0,0,0,595
6.576143322612295,1,1,0,-0,0,1,595
43.85431359526078,1,1,0,-0,0,2,595
-34.50126579281847,1,1,0,-0,0,0,596
6.576742966108941,1,1,0,-0,0,1,596
43.92452282670953,1,1,0,-0,0,2,596
-34.57208221988763,1,1,0,-0,0,0,597
6.57734136667742,1,1,0,-0,0,1,597
43.99474085321021,1,1,0,-0,0,2,597
-34.642906172696456,1,1,0,-0,0,0,598
6.577938530419009,1,1,0,-0,0,1,598
44.064967642277445,1,1,0,-0,0,2,598
-34.713737624996426,1,1,0,-0,0,0,599
6.578534463395353,1,1,0,-0,0,1,599
44.13520316160107,1,1,0,-0,0,2,599
-34.7845765506737,1,1,0,-0,0,0,600
6.579129171628776,1,1,0,-0,0,1,600
44.20544737904492,1,1,0,-0,0,2,600
-34.85542292374819,1,1,0,-0,0,0,601
6.579722661102603,1,1,0,-0,0,1,601
44.275700262645586,1,1,0,-0,0,2,601
-34.92627671837269,1,1,0,-0,0,0,602
6.580314937761465,1,1,0,-0,0,1,602
44.34596178061122,1,1,0,-0,0,2,602
-34.997137908831945,1,1,0,-0,0,0,603
6.580906007511612,1,1,0,-0,0,1,603
44.41623190132032,1,1,0,-0,0,2,603
-35.06800646954179,1,1,0,-0,0,0,604
6.581495876221216,1,1,0,-0,0,1,604
44.48651059332057,1,1,0,-0,0,2,604
-35.13888237504828,1,1,0,-0,0,0,605
6.582084549720673,1,1,0,-0,0,1,605
44.5567978253276,1,1,0,-0,0,2,605
-35.2097656000268,1,1,0,-0,0,0,606
6.582672033802904,1,1,0,-0,0,1,606
44.627093566223884,1,1,0,-0,0,2,606
-35.28065611928121,1,1,0,-0,0,0,607
6.583258334223655,1,1,0,-0,0,1,607
44.69739778505754,1,1,0,-0,0,2,607
-35.351553907742996,1,1,0,-0,0,0,608
6.583843456701784,1,1,0,-0,0,1,608
44.7677104510412,1,1,0,-0,0,2,608
-35.422458940470406,1,1,0,-0,0,0,609
6.584427406919559,1,1,0,-0,0,1,609
44.83803153355083,1,1,0,-0,0,2,609
-35.49337119264762,1,1,0,-0,0,0,610
6.585010190522945,1,1,0,-0,0,1,610
44.908361002124664,1,1,0,-0,0,2,610
-35.56429063958392,1,1,0,-0,0,0,611
6.585591813121886,1,1,0,-0,0,1,611
44.97869882646202,1,1,0,-0,0,2,611
-35.63521725671285,1,1,0,-0,0,0,612
6.586172280290596,1,1,0,-0,0,1,612
45.04904497642224,1,1,0,-0,0,2,612
-35.70615101959138,1,1,0,-0,0,0,613
6.586751597567834,1,1,0,-0,0,1,613
45.119399422023534,1,1,0,-0,0,2,613
-35.77709190389914,1,1,0,-0,0,0,614
6.587329770457181,1,1,0,-0,0,1,614
45.189762133441945,1,1,0,-0,0,2,614
-35.84803988543756,1,1,0,-0,0,0,615
6.587906804427322,1,1,0,-0,0,1,615
45.26013308101022,1,1,0,-0,0,2,615
-35.91899494012909,1,1,0,-0,0,0,616
6.588482704912314,1,1,0,-0,0,1,616
45.33051223521675,1,1,0,-0,0,2,616
-35.989957044016414,1,1,0,-0,0,0,617
6.589057477311857,1,1,0,-0,0,1,617
45.40089956670453,1,1,0,-0,0,2,617
-36.06092617326165,1,1,0,-0,0,0,618
6.589631126991564,1,1,0,-0,0,1,618
45.47129504627006,1,1,0,-0,0,2,618
-36.13190230414556,1,1,0,-0,0,0,619
6.590203659283223,1,1,0,-0,0,1,619
45.541698644862315,1,1,0,-0,0,2,619
-36.2028854130668,1,1,0,-0,0,0,620
6.590775079485066,1,1,0,-0,0,1,620
45.61211033358171,1,1,0,-0,0,2,620
-36.27387547654113,1,1,0,-0,0,0,621
6.591345392862023,1,1,0,-0,0,1,621
45.68253008367908,1,1,0,-0,0,2,621
-36.344872471200645,1,1,0,-0,0,0,622
6.591914604645986,1,1,0,-0,0,1,622
45.75295786655464,1,1,0,-0,0,2,622
-36.41587637379303,1,1,0,-0,0,0,623
6.592482720036058,1,1,0,-0,0,1,623
45.82339365375695,1,1,0,-0,0,2,623
-36.486887161180825,1,1,0,-0,0,0,624
6.593049744198815,1,1,0,-0,0,1,624
45.89383741698199,1,1,0,-0,0,2,624
-36.55790481034063,1,1,0,-0,0,0,625
6.593615682268552,1,1,0,-0,0,1,625
45.96428912807206,1,1,0,-0,0,2,625
-36.62892929836243,1,1,0,-0,0,0,626
6.594180539347532,1,1,0,-0,0,1,626
46.03474875901488,1,1,0,-0,0,2,626
-36.699960602448805,1,1,0,-0,0,0,627
6.5947443205062335,1,1,0,-0,0,1,627
46.10521628194255,1,1,0,-0,0,2,627
-36.77099869991424,1,1,0,-0,0,0,628
6.595307030783597,1,1,0,-0,0,1,628
46.17569166913062,1,1,0,-0,0,2,628
-36.84204356818437,1,1,0,-0,0,0,629
6.595868675187264,1,1,0,-0,0,1,629
46.2461748929971,1,1,0,-0,0,2,629
-36.913095184795324,1,1,0,-0,0,0,630
6.596429258693818,1,1,0,-0,0,1,630
46.31666592610149,1,1,0,-0,0,2,630
-36.984153527392934,1,1,0,-0,0,0,631
6.596988786249025,1,1,0,-0,0,1,631
46.3871647411439,1,1,0,-0,0,2,631
-37.05521857373209,1,1,0,-0,0,0,632
6.597547262768064,1,1,0,-0,0,1,632
46.45767131096402,1,1,0,-0,0,2,632
-37.12629030167602,1,1,0,-0,0,0,633
6.598104693135765,1,1,0,-0,0,1,633
46.52818560854025,1,1,0,-0,0,2,633
-37.197368689195606,1,1,0,-0,0,0,634
6.598661082206839,1,1,0,-0,0,1,634
46.59870760698876,1,1,0,-0,0,2,634
-37.268453714368675,1,1,0,-0,0,0,635
6.599216434806106,1,1,0,-0,0,1,635
46.669237279562566,1,1,0,-0,0,2,635
-37.33954535537934,1,1,0,-0,0,0,636
6.599770755728726,1,1,0,-0,0,1,636
46.73977459965061,1,1,0,-0,0,2,636
-37.41064359051732,1,1,0,-0,0,0,637
6.600324049740421,1,1,0,-0,0,1,637
46.81031954077689,1,1,0,-0,0,2,637
-37.48174839817724,1,1,0,-0,0,0,638
6.600876321577697,1,1,0,-0,0,1,638
46.88087207659953,1,1,0,-0,0,2,638
-37.552859756858,1,1,0,-0,0,0,639
6.60142757594807,1,1,0,-0,0,1,639
46.95143218090992,1,1,0,-0,0,2,639
-37.62397764516211,1,1,0,-0,0,0,640
6.601977817530281,1,1,0,-0,0,1,640
47.02199982763182,1,1,0,-0,0,2,640
-37.695102041795,1,1,0,-0,0,0,641
6.602527050974515,1,1,0,-0,0,1,641
47.092574990820474,1,1,0,-0,0,2,641
-37.76623292556442,1,1,0,-0,0,0,642
6.603075280902616,1,1,0,-0,0,1,642
47.16315764466179,1,1,0,-0,0,2,642
-37.83737027537974,1,1,0,-0,0,0,643
6.603622511908303,1,1,0,-0,0,1,643
47.23374776347142,1,1,0,-0,0,2,643
-37.90851407025136,1,1,0,-0,0,0,644
6.604168748557376,1,1,0,-0,0,1,644
47.304345321693965,1,1,0,-0,0,2,644
-37.97966428929002,1,1,0,-0,0,0,645
6.60471399538793,1,1,0,-0,0,1,645
47.37495029390208,1,1,0,-0,0,2,645
-38.05082091170624,1,1,0,-0,0,0,646
6.6052582569105605,1,1,0,-0,0,1,646
47.445562654795665,1,1,0,-0,0,2,646
-38.12198391680962,1,1,0,-0,0,0,647
6.605801537608573,1,1,0,-0,0,1,647
47.516182379201034,1,1,0,-0,0,2,647
-38.19315328400826,1,1,0,-0,0,0,648
6.606343841938183,1,1,0,-0,0,1,648
47.58680944207007,1,1,0,-0,0,2,648
-38.26432899280815,1,1,0,-0,0,0,649
6.606885174328719,1,1,0,-0,0,1,649
47.65744381847942,1,1,0,-0,0,2,649
-38.33551102281253,1,1,0,-0,0,0,650
6.607425539182825,1,1,0,-0,0,1,650
47.72808548362969,1,1,0,-0,0,2,650
-38.406699353721294,1,1,0,-0,0,0,651
6.607964940876658,1,1,0,-0,0,1,651
47.798734412844624,1,1,0,-0,0,2,651
-38.4778939653304,1,1,0,-0,0,0,652
6.608503383760087,1,1,0,-0,0,1,652
47.8693905815703,1,1,0,-0,0,2,652
-38.549094837531264,1,1,0,-0,0,0,653
6.609040872156881,1,1,0,-0,0,1,653
47.94005396537437,1,1,0,-0,0,2,653
-38.62030195031016,1,1,0,-0,0,0,654
6.609577410364914,1,1,0,-0,0,1,654
48.01072453994523,1,1,0,-0,0,2,654
-38.69151528374764,1,1,0,-0,0,0,655
6.610113002656348,1,1,0,-0,0,1,655
48.08140228109128,1,1,0,-0,0,2,655
-38.762734818017954,1,1,0,-0,0,0,656
6.610647653277826,1,1,0,-0,0,1,656
48.15208716474012,1,1,0,-0,0,2,656
-38.833960533388456,1,1,0,-0,0,0,657
6.611181366450659,1,1,0,-0,0,1,657
48.222779166937784,1,1,0,-0,0,2,657
-38.905192410219044,1,1,0,-0,0,0,658
6.6117141463710185,1,1,0,-0,0,1,658
48.29347826384801,1,1,0,-0,0,2,658
-38.97643042896158,1,1,0,-0,0,0,659
6.612245997210112,1,1,0,-0,0,1,659
48.36418443175145,1,1,0,-0,0,2,659
-39.04767457015932,1,1,0,-0,0,0,660
6.612776923114377,1,1,0,-0,0,1,660
48.43489764704493,1,1,0,-0,0,2,660
-39.11892481444638,1,1,0,-0,0,0,661
6.613306928205655,1,1,0,-0,0,1,661
48.50561788624071,1,1,0,-0,0,2,661
-39.19018114254713,1,1,0,-0,0,0,662
6.613836016581376,1,1,0,-0,0,1,662
48.57634512596574,1,1,0,-0,0,2,662
-39.26144353527569,1,1,0,-0,0,0,663
6.614364192314738,1,1,0,-0,0,1,663
48.647079342960936,1,1,0,-0,0,2,663
-39.33271197353534,1,1,0,-0,0,0,664
6.614891459454878,1,1,0,-0,0,1,664
48.71782051408045,1,1,0,-0,0,2,664
-39.40398643831801,1,1,0,-0,0,0,665
6.615417822027057,1,1,0,-0,0,1,665
48.788568616290945,1,1,0,-0,0,2,665
-39.47526691070371,1,1,0,-0,0,0,666
6.615943284032828,1,1,0,-0,0,1,666
48.85932362667088,1,1,0,-0,0,2,666
-39.546553371860014,1,1,0,-0,0,0,667
6.61646784945021,1,1,0,-0,0,1,667
48.930085522409804,1,1,0,-0,0,2,667
-39.61784580304151,1,1,0,-0,0,0,668
6.616991522233859,1,1,0,-0,0,1,668
49.00085428080765,1,1,0,-0,0,2,668
-39.689144185589285,1,1,0,-0,0,0,669
6.6175143063152415,1,1,0,-0,0,1,669
49.07162987927405,1,1,0,-0,0,2,669
-39.760448500930394,1,1,0,-0,0,0,670
6.618036205602796,1,1,0,-0,0,1,670
49.1424122953276,1,1,0,-0,0,2,670
-39.831758730577334,1,1,0,-0,0,0,671
6.618557223982105,1,1,0,-0,0,1,671
49.21320150659523,1,1,0,-0,0,2,671
-39.90307485612754,1,1,0,-0,0,0,672
6.619077365316059,1,1,0,-0,0,1,672
49.28399749081149,1,1,0,-0,0,2,672
-39.97439685926286,1,1,0,-0,0,0,673
6.6195966334450205,1,1,0,-0,0,1,673
49.35480022581785,1,1,0,-0,0,2,673
-40.04572472174905,1,1,0,-0,0,0,674
6.620115032186987,1,1,0,-0,0,1,674
49.42560968956207,1,1,0,-0,0,2,674
-40.117058425435275,1,1,0,-0,0,0,675
6.62063256533775,1,1,0,-0,0,1,675
49.49642586009753,1,1,0,-0,0,2,675
-40.18839795225359,1,1,0,-0,0,0,676
6.621149236671059,1,1,0,-0,0,1,676
49.56724871558254,1,1,0,-0,0,2,676
-40.25974328421846,1,1,0,-0,0,0,677
6.621665049938775,1,1,0,-0,0,1,677
49.63807823427969,1,1,0,-0,0,2,677
-40.33109440342625,1,1,0,-0,0,0,678
6.622180008871033,1,1,0,-0,0,1,678
49.70891439455522,1,1,0,-0,0,2,678
-40.40245129205476,1,1,0,-0,0,0,679
6.622694117176393,1,1,0,-0,0,1,679
49.77975717487837,1,1,0,-0,0,2,679
-40.47381393236269,1,1,0,-0,0,0,680
6.623207378541998,1,1,0,-0,0,1,680
49.850606553820704,1,1,0,-0,0,2,680
-40.54518230668922,1,1,0,-0,0,0,681
6.623719796633723,1,1,0,-0,0,1,681
49.92146251005551,1,1,0,-0,0,2,681
-40.61655639745348,1,1,0,-0,0,0,682
6.624231375096332,1,1,0,-0,0,1,682
49.992325022357164,1,1,0,-0,0,2,682
-40.68793618715409,1,1,0,-0,0,0,683
6.624742117553624,1,1,0,-0,0,1,683
50.06319406960048,1,1,0,-0,0,2,683
-40.759321658368684,1,1,0,-0,0,0,684
6.625252027608586,1,1,0,-0,0,1,684
50.134069630760116,1,1,0,-0,0,2,684
-40.830712793753456,1,1,0,-0,0,0,685
6.625761108843538,1,1,0,-0,0,1,685
50.204951684909936,1,1,0,-0,0,2,685
-40.90210957604268,1,1,0,-0,0,0,686
6.626269364820283,1,1,0,-0,0,1,686
50.275840211222416,1,1,0,-0,0,2,686
-40.97351198804825,1,1,0,-0,0,0,687
6.626776799080248,1,1,0,-0,0,1,687
50.34673518896802,1,1,0,-0,0,2,687
-41.044920012659205,1,1,0,-0,0,0,688
6.627283415144633,1,1,0,-0,0,1,688
50.417636597514594,1,1,0,-0,0,2,688
-41.11633363284131,1,1,0,-0,0,0,689
6.62778921651455,1,1,0,-0,0,1,689
50.48854441632678,1,1,0,-0,0,2,689
-41.18775283163657,1,1,0,-0,0,0,690
6.62829420667117,1,1,0,-0,0,1,690
50.55945862496542,1,1,0,-0,0,2,690
-41.2591775921628,1,1,0,-0,0,0,691
6.628798389075858,1,1,0,-0,0,1,691
50.63037920308697,1,1,0,-0,0,2,691
-41.33060789761317,1,1,0,-0,0,0,692
6.629301767170317,1,1,0,-0,0,1,692
50.70130613044288,1,1,0,-0,0,2,692
-41.40204373125576,1,1,0,-0,0,0,693
6.629804344376724,1,1,0,-0,0,1,693
50.772239386879065,1,1,0,-0,0,2,693
-41.473485076433136,1,1,0,-0,0,0,694
6.630306124097866,1,1,0,-0,0,1,694
50.8431789523353,1,1,0,-0,0,2,694
-41.54493191656189,1,1,0,-0,0,0,695
6.630807109717281,1,1,0,-0,0,1,695
50.91412480684464,1,1,0,-0,0,2,695
-41.61638423513224,1,1,0,-0,0,0,696
6.63130730459939,1,1,0,-0,0,1,696
50.98507693053288,1,1,0,-0,0,2,696
-41.68784201570755,1,1,0,-0,0,0,697
6.6318067120896265,1,1,0,-0,0,1,697
51.05603530361795,1,1,0,-0,0,2,697
-41.75930524192397,1,1,0,-0,0,0,698
6.632305335514578,1,1,0,-0,0,1,698
51.12699990640942,1,1,0,-0,0,2,698
-41.83077389748994,1,1,0,-0,0,0,699
6.632803178182109,1,1,0,-0,0,1,699
51.197970719307854,1,1,0,-0,0,2,699
-41.902247966185826,1,1,0,-0,0,0,700
6.633300243381499,1,1,0,-0,0,1,700
51.26894772280435,1,1,0,-0,0,2,700
-41.97372743186348,1,1,0,-0,0,0,701
6.633796534383568,1,1,0,-0,0,1,701
51.33993089747993,1,1,0,-0,0,2,701
-42.04521227844582,1,1,0,-0,0,0,702
6.634292054440803,1,1,0,-0,0,1,702
51.41092022400503,1,1,0,-0,0,2,702
-42.116702489926425,1,1,0,-0,0,0,703
6.63478680678749,1,1,0,-0,0,1,703
51.48191568313895,1,1,0,-0,0,2,703
-42.18819805036913,1,1,0,-0,0,0,704
6.635280794639836,1,1,0,-0,0,1,704
51.55291725572931,1,1,0,-0,0,2,704
-42.259698943907615,1,1,0,-0,0,0,705
6.635774021196099,1,1,0,-0,0,1,705
51.62392492271154,1,1,0,-0,0,2,705
-42.33120515474501,1,1,0,-0,0,0,706
6.6362664896367045,1,1,0,-0,0,1,706
51.69493866510832,1,1,0,-0,0,2,706
-42.40271666715346,1,1,0,-0,0,0,707
6.636758203124379,1,1,0,-0,0,1,707
51.765958464029104,1,1,0,-0,0,2,707
-42.4742334654738,1,1,0,-0,0,0,708
6.637249164804263,1,1,0,-0,0,1,708
51.836984300669556,1,1,0,-0,0,2,708
-42.54575553411509,1,1,0,-0,0,0,709
6.637739377804038,1,1,0,-0,0,1,709
51.908016156311064,1,1,0,-0,0,2,709
-42.61728285755424,1,1,0,-0,0,0,710
6.6382288452340426,1,1,0,-0,0,1,710
51.97905401232021,1,1,0,-0,0,2,710
-42.68881542033565,1,1,0,-0,0,0,711
6.638717570187395,1,1,0,-0,0,1,711
52.050097850148276,1,1,0,-0,0,2,711
-42.76035320707081,1,1,0,-0,0,0,712
6.639205555740109,1,1,0,-0,0,1,712
52.12114765133072,1,1,0,-0,0,2,712
-42.83189620243789,1,1,0,-0,0,0,713
6.6396928049512125,1,1,0,-0,0,1,713
52.1922033974867,1,1,0,-0,0,2,713
-42.903444391181395,1,1,0,-0,0,0,714
6.640179320862863,1,1,0,-0,0,1,714
52.26326507031856,1,1,0,-0,0,2,714
-42.974997758111776,1,1,0,-0,0,0,715
6.640665106500465,1,1,0,-0,0,1,715
52.33433265161134,1,1,0,-0,0,2,715
-43.046556288105045,1,1,0,-0,0,0,716
6.641150164872779,1,1,0,-0,0,1,716
52.4054061232323,1,1,0,-0,0,2,716
-43.11811996610241,1,1,0,-0,0,0,717
6.641634498972043,1,1,0,-0,0,1,717
52.4764854671304,1,1,0,-0,0,2,717
-43.18968877710991,1,1,0,-0,0,0,718
6.642118111774079,1,1,0,-0,0,1,718
52.54757066533587,1,1,0,-0,0,2,718
-43.26126270619803,1,1,0,-0,0,0,719
6.642601006238405,1,1,0,-0,0,1,719
52.61866169995967,1,1,0,-0,0,2,719
-43.332841738501365,1,1,0,-0,0,0,720
6.643083185308351,1,1,0,-0,0,1,720
52.68975855319305,1,1,0,-0,0,2,720
-43.40442585921823,1,1,0,-0,0,0,721
6.64356465191116,1,1,0,-0,0,1,721
52.7608612073071,1,1,0,-0,0,2,721
-43.476015053610304,1,1,0,-0,0,0,722
6.644045408958108,1,1,0,-0,0,1,722
52.83196964465223,1,1,0,-0,0,2,722
-43.5476093070023,1,1,0,-0,0,0,723
6.6445254593446,1,1,0,-0,0,1,723
52.90308384765773,1,1,0,-0,0,2,723
-43.61920860478157,1,1,0,-0,0,0,724
6.645004805950289,1,1,0,-0,0,1,724
52.97420379883132,1,1,0,-0,0,2,724
-43.69081293239779,1,1,0,-0,0,0,725
6.645483451639173,1,1,0,-0,0,1,725
53.04532948075865,1,1,0,-0,0,2,725
-43.76242227536258,1,1,0,-0,0,0,726
6.645961399259705,1,1,0,-0,0,1,726
53.11646087610291,1,1,0,-0,0,2,726
-43.834036619249176,1,1,0,-0,0,0,727
6.6464386516449,1,1,0,-0,0,1,727
53.18759796760431,1,1,0,-0,0,2,727
-43.905655949692076,1,1,0,-0,0,0,728
6.6469152116124315,1,1,0,-0,0,1,728
53.25874073807968,1,1,0,-0,0,2,728
-43.977280252386706,1,1,0,-0,0,0,729
6.6473910819647415,1,1,0,-0,0,1,729
53.329889170422,1,1,0,-0,0,2,729
-44.048909513089065,1,1,0,-0,0,0,730
6.64786626548914,1,1,0,-0,0,1,730
53.40104324759996,1,1,0,-0,0,2,730
-44.1205437176154,1,1,0,-0,0,0,731
6.648340764957904,1,1,0,-0,0,1,731
53.472202952657526,1,1,0,-0,0,2,731
-44.192182851841864,1,1,0,-0,0,0,732
6.648814583128385,1,1,0,-0,0,1,732
53.543368268713515,1,1,0,-0,0,2,732
-44.2638269017042,1,1,0,-0,0,0,733
6.6492877227431,1,1,0,-0,0,1,733
53.61453917896113,1,1,0,-0,0,2,733
-44.33547585319737,1,1,0,-0,0,0,734
6.6497601865298375,1,1,0,-0,0,1,734
53.68571566666757,1,1,0,-0,0,2,734
-44.40712969237528,1,1,0,-0,0,0,735
6.65023197720175,1,1,0,-0,0,1,735
53.75689771517356,1,1,0,-0,0,2,735
-44.47878840535039,1,1,0,-0,0,0,736
6.650703097457458,1,1,0,-0,0,1,736
53.82808530789296,1,1,0,-0,0,2,736
-44.55045197829347,1,1,0,-0,0,0,737
6.651173549981141,1,1,0,-0,0,1,737
53.89927842831235,1,1,0,-0,0,2,737
-44.622120397433186,1,1,0,-0,0,0,738
6.651643337442634,1,1,0,-0,0,1,738
53.97047705999057,1,1,0,-0,0,2,738
-44.693793649055856,1,1,0,-0,0,0,739
6.652112462497526,1,1,0,-0,0,1,739
54.04168118655835,1,1,0,-0,0,2,739
-44.7654717195051,1,1,0,-0,0,0,740
6.652580927787254,1,1,0,-0,0,1,740
54.11289079171787,1,1,0,-0,0,2,740
-44.83715459518153,1,1,0,-0,0,0,741
6.6530487359391905,1,1,0,-0,0,1,741
54.18410585924236,1,1,0,-0,0,2,741
-44.90884226254243,1,1,0,-0,0,0,742
6.653515889566744,1,1,0,-0,0,1,742
54.2553263729757,1,1,0,-0,0,2,742
-44.980534708101445,1,1,0,-0,0,0,743
6.653982391269448,1,1,0,-0,0,1,743
54.326552316832014,1,1,0,-0,0,2,743
-45.052231918428284,1,1,0,-0,0,0,744
6.654448243633051,1,1,0,-0,0,1,744
54.39778367479525,1,1,0,-0,0,2,744
-45.12393388014841,1,1,0,-0,0,0,745
6.65491344922961,1,1,0,-0,0,1,745
54.46902043091882,1,1,0,-0,0,2,745
-45.19564057994272,1,1,0,-0,0,0,746
6.655378010617578,1,1,0,-0,0,1,746
54.540262569325165,1,1,0,-0,0,2,746
-45.26735200454727,1,1,0,-0,0,0,747
6.6558419303418965,1,1,0,-0,0,1,747
54.6115100742054,1,1,0,-0,0,2,747
-45.33906814075294,1,1,0,-0,0,0,748
6.656305210934081,1,1,0,-0,0,1,748
54.682762929818885,1,1,0,-0,0,2,748
-45.41078897540517,1,1,0,-0,0,0,749
6.656767854912309,1,1,0,-0,0,1,749
54.75402112049288,1,1,0,-0,0,2,749
-45.48251449540362,1,1,0,-0,0,0,750
6.657229864781511,1,1,0,-0,0,1,750
54.82528463062213,1,1,0,-0,0,2,750
-45.55424468770193,1,1,0,-0,0,0,751
6.657691243033454,1,1,0,-0,0,1,751
54.8965534446685,1,1,0,-0,0,2,751
-45.625979539307394,1,1,0,-0,0,0,752
6.6581519921468235,1,1,0,-0,0,1,752
54.96782754716059,1,1,0,-0,0,2,752
-45.697719037280656,1,1,0,-0,0,0,753
6.658612114587319,1,1,0,-0,0,1,753
55.03910692269336,1,1,0,-0,0,2,753
-45.76946316873546,1,1,0,-0,0,0,754
6.659071612807729,1,1,0,-0,0,1,754
55.110391555927755,1,1,0,-0,0,2,754
-45.84121192083833,1,1,0,-0,0,0,755
6.659530489248019,1,1,0,-0,0,1,755
55.181681431590334,1,1,0,-0,0,2,755
-45.91296528080831,1,1,0,-0,0,0,756
6.659988746335416,1,1,0,-0,0,1,756
55.252976534472914,1,1,0,-0,0,2,756
-45.98472323591665,1,1,0,-0,0,0,757
6.6604463864844865,1,1,0,-0,0,1,757
55.32427684943219,1,1,0,-0,0,2,757
-46.05648577348656,1,1,0,-0,0,0,758
6.660903412097223,1,1,0,-0,0,1,758
55.39558236138936,1,1,0,-0,0,2,758
-46.1282528808929,1,1,0,-0,0,0,759
6.6613598255631254,1,1,0,-0,0,1,759
55.466893055329805,1,1,0,-0,0,2,759
-46.20002454556194,1,1,0,-0,0,0,760
6.6618156292592765,1,1,0,-0,0,1,760
55.53820891630269,1,1,0,-0,0,2,760
-46.27180075497103,1,1,0,-0,0,0,761
6.662270825550428,1,1,0,-0,0,1,761
55.60952992942064,1,1,0,-0,0,2,761
-46.34358149664839,1,1,0,-0,0,0,762
6.662725416789078,1,1,0,-0,0,1,762
55.680856079859346,1,1,0,-0,0,2,762
-46.41536675817278,1,1,0,-0,0,0,763
6.663179405315547,1,1,0,-0,0,1,763
55.75218735285727,1,1,0,-0,0,2,763
-46.48715652717327,1,1,0,-0,0,0,764
6.663632793458061,1,1,0,-0,0,1,764
55.82352373371524,1,1,0,-0,0,2,764
-46.55895079132895,1,1,0,-0,0,0,765
6.664085583532826,1,1,0,-0,0,1,765
55.89486520779615,1,1,0,-0,0,2,765
-46.63074953836866,1,1,0,-0,0,0,766
6.664537777844106,1,1,0,-0,0,1,766
55.96621176052459,1,1,0,-0,0,2,766
-46.702552756070766,1,1,0,-0,0,0,767
6.664989378684299,1,1,0,-0,0,1,767
56.0375633773865,1,1,0,-0,0,2,767
-46.77436043226284,1,1,0,-0,0,0,768
6.665440388334016,1,1,0,-0,0,1,768
56.108920043928855,1,1,0,-0,0,2,768
-46.846172554821436,1,1,0,-0,0,0,769
6.66589080906215,1,1,0,-0,0,1,769
56.180281745759316,1,1,0,-0,0,2,769
-46.917989111671815,1,1,0,-0,0,0,770
6.666340643125957,1,1,0,-0,0,1,770
56.25164846854589,1,1,0,-0,0,2,770
-46.9898100907877,1,1,0,-0,0,0,771
6.666789892771126,1,1,0,-0,0,1,771
56.3230201980166,1,1,0,-0,0,2,771
-47.061635480191,1,1,0,-0,0,0,772
6.667238560231855,1,1,0,-0,0,1,772
56.39439691995917,1,1,0,-0,0,2,772
-47.13346526795158,1,1,0,-0,0,0,773
6.667686647730924,1,1,0,-0,0,1,773
56.465778620220675,1,1,0,-0,0,2,773
-47.20529944218698,1,1,0,-0,0,0,774
6.668134157479766,1,1,0,-0,0,1,774
56.53716528470723,1,1,0,-0,0,2,774
-47.27713799106218,1,1,0,-0,0,0,775
6.668581091678541,1,1,0,-0,0,1,775
56.608556899383665,1,1,0,-0,0,2,775
-47.34898090278938,1,1,0,-0,0,0,776
6.669027452516204,1,1,0,-0,0,1,776
56.679953450273196,1,1,0,-0,0,2,776
-47.420828165627675,1,1,0,-0,0,0,777
6.6694732421705805,1,1,0,-0,0,1,777
56.751354923457114,1,1,0,-0,0,2,777
-47.49267976788289,1,1,0,-0,0,0,778
6.669918462808434,1,1,0,-0,0,1,778
56.82276130507447,1,1,0,-0,0,2,778
-47.56453569790728,1,1,0,-0,0,0,779
6.670363116585537,1,1,0,-0,0,1,779
56.89417258132176,1,1,0,-0,0,2,779
-47.63639594409932,1,1,0,-0,0,0,780
6.670807205646737,1,1,0,-0,0,1,780
56.9655887384526,1,1,0,-0,0,2,780
-47.70826049490344,1,1,0,-0,0,0,781
6.671250732126031,1,1,0,-0,0,1,781
57.03700976277743,1,1,0,-0,0,2,781
-47.78012933880981,1,1,0,-0,0,0,782
6.671693698146629,1,1,0,-0,0,1,782
57.1084356406632,1,1,0,-0,0,2,782
-47.852002464354065,1,1,0,-0,0,0,783
6.672136105821025,1,1,0,-0,0,1,783
57.17986635853306,1,1,0,-0,0,2,783
-47.92387986011711,1,1,0,-0,0,0,784
6.672577957251061,1,1,0,-0,0,1,784
57.25130190286607,1,1,0,-0,0,2,784
-47.995761514724855,1,1,0,-0,0,0,785
6.673019254527997,1,1,0,-0,0,1,785
57.322742260196875,1,1,0,-0,0,2,785
-48.06764741684799,1,1,0,-0,0,0,786
6.673459999732574,1,1,0,-0,0,1,786
57.39418741711543,1,1,0,-0,0,2,786
-48.139537555201755,1,1,0,-0,0,0,787
6.673900194935085,1,1,0,-0,0,1,787
57.46563736026669,1,1,0,-0,0,2,787
-48.21143191854571,1,1,0,-0,0,0,788
6.674339842195432,1,1,0,-0,0,1,788
57.537092076350305,1,1,0,-0,0,2,788
-48.28333049568351,1,1,0,-0,0,0,789
6.6747789435632,1,1,0,-0,0,1,789
57.60855155212033,1,1,0,-0,0,2,789
-48.355233275462645,1,1,0,-0,0,0,790
6.6752175010777135,1,1,0,-0,0,1,790
57.680015774384955,1,1,0,-0,0,2,790
-48.427140246774265,1,1,0,-0,0,0,791
6.675655516768106,1,1,0,-0,0,1,791
57.75148473000618,1,1,0,-0,0,2,791
-48.499051398552915,1,1,0,-0,0,0,792
6.6760929926533805,1,1,0,-0,0,1,792
57.82295840589956,1,1,0,-0,0,2,792
-48.57096671977633,1,1,0,-0,0,0,793
6.676529930742472,1,1,0,-0,0,1,793
57.89443678903388,1,1,0,-0,0,2,793
-48.6428861994652,1,1,0,-0,0,0,794
6.676966333034311,1,1,0,-0,0,1,794
57.965919866430916,1,1,0,-0,0,2,794
-48.71480982668297,1,1,0,-0,0,0,795
6.6774022015178875,1,1,0,-0,0,1,795
58.03740762516511,1,1,0,-0,0,2,795
-48.7867375905356,1,1,0,-0,0,0,796
6.677837538172308,1,1,0,-0,0,1,796
58.10890005236332,1,1,0,-0,0,2,796
-48.85866948017135,1,1,0,-0,0,0,797
6.678272344966859,1,1,0,-0,0,1,797
58.180397135204515,1,1,0,-0,0,2,797
-48.93060548478057,1,1,0,-0,0,0,798
6.6787066238610695,1,1,0,-0,0,1,798
58.251898860919525,1,1,0,-0,0,2,798
-49.00254559359549,1,1,0,-0,0,0,799
6.679140376804767,1,1,0,-0,0,1,799
58.32340521679075,1,1,0,-0,0,2,799
-49.07448979589,1,1,0,-0,0,0,800
6.67957360573814,1,1,0,-0,0,1,800
58.39491619015189,1,1,0,-0,0,2,800
-49.14643808097943,1,1,0,-0,0,0,801
6.6800063125917974,1,1,0,-0,0,1,801
58.46643176838766,1,1,0,-0,0,2,801
-49.21839043822034,1,1,0,-0,0,0,802
6.680438499286826,1,1,0,-0,0,1,802
58.53795193893354,1,1,0,-0,0,2,802
-49.29034685701033,1,1,0,-0,0,0,803
6.680870167734849,1,1,0,-0,0,1,803
58.6094766892755,1,1,0,-0,0,2,803
-49.3623073267878,1,1,0,-0,0,0,804
6.681301319838084,1,1,0,-0,0,1,804
58.68100600694974,1,1,0,-0,0,2,804
-49.43427183703177,1,1,0,-0,0,0,805
6.681731957489404,1,1,0,-0,0,1,805
58.75253987954239,1,1,0,-0,0,2,805
-49.506240377261676,1,1,0,-0,0,0,806
6.682162082572389,1,1,0,-0,0,1,806
58.82407829468931,1,1,0,-0,0,2,806
-49.57821293703713,1,1,0,-0,0,0,807
6.682591696961385,1,1,0,-0,0,1,807
58.89562124007577,1,1,0,-0,0,2,807
-49.650189505957755,1,1,0,-0,0,0,808
6.683020802521562,1,1,0,-0,0,1,808
58.967168703436215,1,1,0,-0,0,2,808
-49.722170073662966,1,1,0,-0,0,0,809
6.683449401108968,1,1,0,-0,0,1,809
59.03872067255402,1,1,0,-0,0,2,809
-49.794154629831766,1,1,0,-0,0,0,810
6.683877494570585,1,1,0,-0,0,1,810
59.1102771352612,1,1,0,-0,0,2,810
-49.86614316418255,1,1,0,-0,0,0,811
6.684305084744385,1,1,0,-0,0,1,811
59.18183807943819,1,1,0,-0,0,2,811
-49.93813566647293,1,1,0,-0,0,0,812
6.684732173459382,1,1,0,-0,0,1,812
59.253403493013565,1,1,0,-0,0,2,812
-50.010132126499485,1,1,0,-0,0,0,813
6.685158762535691,1,1,0,-0,0,1,813
59.324973363963814,1,1,0,-0,0,2,813
-50.08213253409762,1,1,0,-0,0,0,814
6.685584853784576,1,1,0,-0,0,1,814
59.39654768031306,1,1,0,-0,0,2,814
-50.15413687914133,1,1,0,-0,0,0,815
6.686010449008507,1,1,0,-0,0,1,815
59.46812643013285,1,1,0,-0,0,2,815
-50.22614515154305,1,1,0,-0,0,0,816
6.686435550001216,1,1,0,-0,0,1,816
59.53970960154186,1,1,0,-0,0,2,816
-50.298157341253415,1,1,0,-0,0,0,817
6.686860158547741,1,1,0,-0,0,1,817
59.6112971827057,1,1,0,-0,0,2,817
-50.3701734382611,1,1,0,-0,0,0,818
6.6872842764244895,1,1,0,-0,0,1,818
59.682889161836634,1,1,0,-0,0,2,818
-50.44219343259262,1,1,0,-0,0,0,819
6.687707905399281,1,1,0,-0,0,1,819
59.75448552719336,1,1,0,-0,0,2,819
-50.51421731431214,1,1,0,-0,0,0,820
6.688131047231405,1,1,0,-0,0,1,820
59.82608626708076,1,1,0,-0,0,2,820
-50.586245073521305,1,1,0,-0,0,0,821
6.6885537036716665,1,1,0,-0,0,1,821
59.89769136984966,1,1,0,-0,0,2,821
-50.658276700359025,1,1,0,-0,0,0,822
6.688975876462443,1,1,0,-0,0,1,822
59.9693008238966,1,1,0,-0,0,2,822
-50.7303121850013,1,1,0,-0,0,0,823
6.689397567337731,1,1,0,-0,0,1,823
60.040914617663596,1,1,0,-0,0,2,823
-50.802351517661066,1,1,0,-0,0,0,824
6.689818778023198,1,1,0,-0,0,1,824
60.11253273963789,1,1,0,-0,0,2,824
-50.874394688587955,1,1,0,-0,0,0,825
6.69023951023623,1,1,0,-0,0,1,825
60.184155178351745,1,1,0,-0,0,2,825
-50.94644168806816,1,1,0,-0,0,0,826
6.690659765685985,1,1,0,-0,0,1,826
60.2557819223822,1,1,0,-0,0,2,826
-51.018492506424245,1,1,0,-0,0,0,827
6.691079546073438,1,1,0,-0,0,1,827
60.32741296035083,1,1,0,-0,0,2,827
-51.09054713401494,1,1,0,-0,0,0,828
6.691498853091431,1,1,0,-0,0,1,828
60.39904828092353,1,1,0,-0,0,2,828
-51.162605561235004,1,1,0,-0,0,0,829
6.6919176884247245,1,1,0,-0,0,1,829
60.4706878728103,1,1,0,-0,0,2,829
-51.23466777851501,1,1,0,-0,0,0,830
6.692336053750039,1,1,0,-0,0,1,830
60.54233172476499,1,1,0,-0,0,2,830
-51.30673377632119,1,1,0,-0,0,0,831
6.692753950736109,1,1,0,-0,0,1,831
60.613979825585105,1,1,0,-0,0,2,831
-51.37880354515525,1,1,0,-0,0,0,832
6.693171381043728,1,1,0,-0,0,1,832
60.68563216411155,1,1,0,-0,0,2,832
-51.45087707555421,1,1,0,-0,0,0,833
6.693588346325795,1,1,0,-0,0,1,833
60.75728872922845,1,1,0,-0,0,2,833
-51.52295435809021,1,1,0,-0,0,0,834
6.694004848227362,1,1,0,-0,0,1,834
60.82894950986289,1,1,0,-0,0,2,834
-51.59503538337036,1,1,0,-0,0,0,835
6.69442088838568,1,1,0,-0,0,1,835
60.900614494984715,1,1,0,-0,0,2,835
-51.66712014203654,1,1,0,-0,0,0,836
6.694836468430244,1,1,0,-0,0,1,836
60.97228367360633,1,1,0,-0,0,2,836
-51.73920862476526,1,1,0,-0,0,0,837
6.695251589982844,1,1,0,-0,0,1,837
61.04395703478245,1,1,0,-0,0,2,837
-51.811300822267484,1,1,0,-0,0,0,838
6.695666254657601,1,1,0,-0,0,1,838
61.115634567609916,1,1,0,-0,0,2,838
-51.88339672528844,1,1,0,-0,0,0,839
6.696080464061022,1,1,0,-0,0,1,839
61.18731626122745,1,1,0,-0,0,2,839
-51.95549632460749,1,1,0,-0,0,0,840
6.6964942197920365,1,1,0,-0,0,1,840
61.25900210481549,1,1,0,-0,0,2,840
-52.02759961103793,1,1,0,-0,0,0,841
6.696907523442047,1,1,0,-0,0,1,841
61.330692087595914,1,1,0,-0,0,2,841
-52.09970657542684,1,1,0,-0,0,0,842
6.697320376594972,1,1,0,-0,0,1,842
61.402386198831906,1,1,0,-0,0,2,842
-52.171817208654936,1,1,0,-0,0,0,843
6.697732780827285,1,1,0,-0,0,1,843
61.474084427827684,1,1,0,-0,0,2,843
-52.24393150163637,1,1,0,-0,0,0,844
6.6981447377080645,1,1,0,-0,0,1,844
61.545786763928334,1,1,0,-0,0,2,844
-52.31604944531859,1,1,0,-0,0,0,845
6.698556248799034,1,1,0,-0,0,1,845
61.61749319651959,1,1,0,-0,0,2,845
-52.388171030682194,1,1,0,-0,0,0,846
6.698967315654605,1,1,0,-0,0,1,846
61.689203715027624,1,1,0,-0,0,2,846
-52.46029624874074,1,1,0,-0,0,0,847
6.699377939821921,1,1,0,-0,0,1,847
61.76091830891885,1,1,0,-0,0,2,847
-52.532425090540606,1,1,0,-0,0,0,848
6.699788122840897,1,1,0,-0,0,1,848
61.83263696769974,1,1,0,-0,0,2,848
-52.60455754716082,1,1,0,-0,0,0,849
6.700197866244266,1,1,0,-0,0,1,849
61.90435968091659,1,1,0,-0,0,2,849
-52.67669360971293,1,1,0,-0,0,0,850
6.700607171557615,1,1,0,-0,0,1,850
61.97608643815535,1,1,0,-0,0,2,850
-52.74883326934079,1,1,0,-0,0,0,851
6.701016040299432,1,1,0,-0,0,1,851
62.0478172290414,1,1,0,-0,0,2,851
-52.82097651722048,1,1,0,-0,0,0,852
6.701424473981145,1,1,0,-0,0,1,852
62.11955204323937,1,1,0,-0,0,2,852
-52.893123344560095,1,1,0,-0,0,0,853
6.701832474107162,1,1,0,-0,0,1,853
62.19129087045297,1,1,0,-0,0,2,853
-52.96527374259961,1,1,0,-0,0,0,854
6.702240042174912,1,1,0,-0,0,1,854
62.26303370042473,1,1,0,-0,0,2,854
-53.03742770261073,1,1,0,-0,0,0,855
6.702647179674886,1,1,0,-0,0,1,855
62.33478052293587,1,1,0,-0,0,2,855
-53.109585215896736,1,1,0,-0,0,0,856
6.703053888090678,1,1,0,-0,0,1,856
62.406531327806086,1,1,0,-0,0,2,856
-53.181746273792335,1,1,0,-0,0,0,857
6.703460168899021,1,1,0,-0,0,1,857
62.47828610489334,1,1,0,-0,0,2,857
-53.253910867663514,1,1,0,-0,0,0,858
6.70386602356983,1,1,0,-0,0,1,858
62.55004484409371,1,1,0,-0,0,2,858
-53.326078988907376,1,1,0,-0,0,0,859
6.704271453566242,1,1,0,-0,0,1,859
62.62180753534116,1,1,0,-0,0,2,859
-53.398250628952006,1,1,0,-0,0,0,860
6.7046764603446505,1,1,0,-0,0,1,860
62.693574168607384,1,1,0,-0,0,2,860
-53.47042577925633,1,1,0,-0,0,0,861
6.705081045354749,1,1,0,-0,0,1,861
62.76534473390161,1,1,0,-0,0,2,861
-53.54260443130995,1,1,0,-0,0,0,862
6.705485210039567,1,1,0,-0,0,1,862
62.837119221270406,1,1,0,-0,0,2,862
-53.614786576633,1,1,0,-0,0,0,863
6.7058889558355075,1,1,0,-0,0,1,863
62.90889762079752,1,1,0,-0,0,2,863
-53.68697220677603,1,1,0,-0,0,0,864
6.706292284172386,1,1,0,-0,0,1,864
62.98067992260367,1,1,0,-0,0,2,864
-53.75916131331983,1,1,0,-0,0,0,865
6.706695196473469,1,1,0,-0,0,1,865
63.05246611684638,1,1,0,-0,0,2,865
-53.83135388787528,1,1,0,-0,0,0,866
6.707097694155511,1,1,0,-0,0,1,866
63.124256193719795,1,1,0,-0,0,2,866
-53.90354992208326,1,1,0,-0,0,0,867
6.707499778628788,1,1,0,-0,0,1,867
63.1960501434545,1,1,0,-0,0,2,867
-53.97574940761445,1,1,0,-0,0,0,868
6.7079014512971415,1,1,0,-0,0,1,868
63.26784795631734,1,1,0,-0,0,2,868
-54.04795233616923,1,1,0,-0,0,0,869
6.708302713558008,1,1,0,-0,0,1,869
63.339649622611255,1,1,0,-0,0,2,869
-54.120158699477514,1,1,0,-0,0,0,870
6.70870356680246,1,1,0,-0,0,1,870
63.41145513267509,1,1,0,-0,0,2,870
-54.19236848929862,1,1,0,-0,0,0,871
6.70910401241524,1,1,0,-0,0,1,871
63.48326447688341,1,1,0,-0,0,2,871
-54.26458169742115,1,1,0,-0,0,0,872
6.709504051774799,1,1,0,-0,0,1,872
63.555077645646385,1,1,0,-0,0,2,872
-54.33679831566282,1,1,0,-0,0,0,873
6.709903686253326,1,1,0,-0,0,1,873
63.62689462940953,1,1,0,-0,0,2,873
-54.40901833587034,1,1,0,-0,0,0,874
6.710302917216792,1,1,0,-0,0,1,874
63.69871541865359,1,1,0,-0,0,2,874
-54.481241749919306,1,1,0,-0,0,0,875
6.710701746024978,1,1,0,-0,0,1,875
63.77054000389437,1,1,0,-0,0,2,875
-54.553468549714005,1,1,0,-0,0,0,876
6.711100174031515,1,1,0,-0,0,1,876
63.84236837568253,1,1,0,-0,0,2,876
-54.62569872718733,1,1,0,-0,0,0,877
6.711498202583913,1,1,0,-0,0,1,877
63.91420052460346,1,1,0,-0,0,2,877
-54.69793227430062,1,1,0,-0,0,0,878
6.711895833023602,1,1,0,-0,0,1,878
63.986036441277065,1,1,0,-0,0,2,878
-54.770169183043556,1,1,0,-0,0,0,879
6.712293066685963,1,1,0,-0,0,1,879
64.05787611635765,1,1,0,-0,0,2,879
-54.842409445434,1,1,0,-0,0,0,880
6.71268990490036,1,1,0,-0,0,1,880
64.1297195405337,1,1,0,-0,0,2,880
-54.91465305351788,1,1,0,-0,0,0,881
6.713086348990178,1,1,0,-0,0,1,881
64.20156670452776,1,1,0,-0,0,2,881
-54.98689999936905,1,1,0,-0,0,0,882
6.713482400272852,1,1,0,-0,0,1,882
64.27341759909626,1,1,0,-0,0,2,882
-55.05915027508917,1,1,0,-0,0,0,883
6.713878060059906,1,1,0,-0,0,1,883
64.34527221502933,1,1,0,-0,0,2,883
-55.13140387280758,1,1,0,-0,0,0,884
6.714273329656979,1,1,0,-0,0,1,884
64.41713054315066,1,1,0,-0,0,2,884
-55.20366078468115,1,1,0,-0,0,0,885
6.714668210363866,1,1,0,-0,0,1,885
64.48899257431734,1,1,0,-0,0,2,885
-55.27592100289417,1,1,0,-0,0,0,886
6.715062703474544,1,1,0,-0,0,1,886
64.56085829941968,1,1,0,-0,0,2,886
-55.34818451965824,1,1,0,-0,0,0,887
6.715456810277207,1,1,0,-0,0,1,887
64.63272770938109,1,1,0,-0,0,2,887
-55.420451327212106,1,1,0,-0,0,0,888
6.715850532054298,1,1,0,-0,0,1,888
64.70460079515786,1,1,0,-0,0,2,888
-55.49272141782156,1,1,0,-0,0,0,889
6.7162438700825415,1,1,0,-0,0,1,889
64.77647754773908,1,1,0,-0,0,2,889
-55.56499478377932,1,1,0,-0,0,0,890
6.716636825632975,1,1,0,-0,0,1,890
64.8483579581464,1,1,0,-0,0,2,890
-55.63727141740488,1,1,0,-0,0,0,891
6.717029399970979,1,1,0,-0,0,1,891
64.92024201743395,1,1,0,-0,0,2,891
-55.70955131104442,1,1,0,-0,0,0,892
6.717421594356313,1,1,0,-0,0,1,892
64.99212971668815,1,1,0,-0,0,2,892
-55.78183445707066,1,1,0,-0,0,0,893
6.717813410043141,1,1,0,-0,0,1,893
65.06402104702757,1,1,0,-0,0,2,893
-55.85412084788274,1,1,0,-0,0,0,894
6.718204848280066,1,1,0,-0,0,1,894
65.13591599960272,1,1,0,-0,0,2,894
-55.92641047590612,1,1,0,-0,0,0,895
6.718595910310159,1,1,0,-0,0,1,895
65.207814565596,1,1,0,-0,0,2,895
-55.998703333592424,1,1,0,-0,0,0,896
6.718986597370992,1,1,0,-0,0,1,896
65.27971673622147,1,1,0,-0,0,2,896
-56.070999413419365,1,1,0,-0,0,0,897
6.719376910694664,1,1,0,-0,0,1,897
65.35162250272475,1,1,0,-0,0,2,897
-56.143298707890594,1,1,0,-0,0,0,898
6.719766851507837,1,1,0,-0,0,1,898
65.42353185638281,1,1,0,-0,0,2,898
-56.21560120953558,1,1,0,-0,0,0,899
6.72015642103176,1,1,0,-0,0,1,899
65.49544478850387,1,1,0,-0,0,2,899
-56.28790691090951,1,1,0,-0,0,0,900
6.720545620482303,1,1,0,-0,0,1,900
65.56736129042726,1,1,0,-0,0,2,900
-56.360215804593174,1,1,0,-0,0,0,901
6.720934451069986,1,1,0,-0,0,1,901
65.63928135352323,1,1,0,-0,0,2,901
-56.432527883192826,1,1,0,-0,0,0,902
6.721322914000006,1,1,0,-0,0,1,902
65.71120496919286,1,1,0,-0,0,2,902
-56.50484313934009,1,1,0,-0,0,0,903
6.721711010472268,1,1,0,-0,0,1,903
65.78313212886786,1,1,0,-0,0,2,903
-56.57716156569183,1,1,0,-0,0,0,904
6.722098741681415,1,1,0,-0,0,1,904
65.85506282401046,1,1,0,-0,0,2,904
-56.64948315493007,1,1,0,-0,0,0,905
6.722486108816853,1,1,0,-0,0,1,905
65.92699704611326,1,1,0,-0,0,2,905
-56.72180789976181,1,1,0,-0,0,0,906
6.722873113062785,1,1,0,-0,0,1,906
65.99893478669907,1,1,0,-0,0,2,906
-56.794135792918986,1,1,0,-0,0,0,907
6.723259755598233,1,1,0,-0,0,1,907
66.0708760373208,1,1,0,-0,0,2,907
-56.866466827158334,1,1,0,-0,0,0,908
6.723646037597074,1,1,0,-0,0,1,908
66.14282078956131,1,1,0,-0,0,2,908
-56.93880099526125,1,1,0,-0,0,0,909
6.724031960228062,1,1,0,-0,0,1,909
66.21476903503324,1,1,0,-0,0,2,909
-57.01113829003373,1,1,0,-0,0,0,910
6.724417524654855,1,1,0,-0,0,1,910
66.28672076537893,1,1,0,-0,0,2,910
-57.0834787043062,1,1,0,-0,0,0,911
6.72480273203605,1,1,0,-0,0,1,911
66.3586759722702,1,1,0,-0,0,2,911
-57.15582223093347,1,1,0,-0,0,0,912
6.725187583525203,1,1,0,-0,0,1,912
66.43063464740831,1,1,0,-0,0,2,912
-57.228168862794554,1,1,0,-0,0,0,913
6.725572080270861,1,1,0,-0,0,1,913
66.50259678252374,1,1,0,-0,0,2,913
-57.300518592792635,1,1,0,-0,0,0,914
6.725956223416585,1,1,0,-0,0,1,914
66.5745623693761,1,1,0,-0,0,2,914
-57.37287141385491,1,1,0,-0,0,0,915
6.726340014100981,1,1,0,-0,0,1,915
66.64653139975397,1,1,0,-0,0,2,915
-57.44522731893249,1,1,0,-0,0,0,916
6.726723453457725,1,1,0,-0,0,1,916
66.7185038654748,1,1,0,-0,0,2,916
-57.51758630100029,1,1,0,-0,0,0,917
6.727106542615591,1,1,0,-0,0,1,917
66.79047975838475,1,1,0,-0,0,2,917
-57.58994835305696,1,1,0,-0,0,0,918
6.727489282698474,1,1,0,-0,0,1,918
66.86245907035853,1,1,0,-0,0,2,918
-57.66231346812472,1,1,0,-0,0,0,919
6.72787167482542,1,1,0,-0,0,1,919
66.93444179329934,1,1,0,-0,0,2,919
-57.734681639249295,1,1,0,-0,0,0,920
6.728253720110651,1,1,0,-0,0,1,920
67.00642791913869,1,1,0,-0,0,2,920
-57.807052859499805,1,1,0,-0,0,0,921
6.72863541966359,1,1,0,-0,0,1,921
67.07841743983626,1,1,0,-0,0,2,921
-57.879427121968654,1,1,0,-0,0,0,922
6.729016774588887,1,1,0,-0,0,1,922
67.1504103473798,1,1,0,-0,0,2,922
-57.95180441977142,1,1,0,-0,0,0,923
6.729397785986446,1,1,0,-0,0,1,923
67.22240663378501,1,1,0,-0,0,2,923
-58.02418474604678,1,1,0,-0,0,0,924
6.72977845495145,1,1,0,-0,0,1,924
67.29440629109537,1,1,0,-0,0,2,924
-58.096568093956364,1,1,0,-0,0,0,925
6.730158782574384,1,1,0,-0,0,1,925
67.36640931138203,1,1,0,-0,0,2,925
-58.16895445668471,1,1,0,-0,0,0,926
6.730538769941064,1,1,0,-0,0,1,926
67.4384156867437,1,1,0,-0,0,2,926
-58.2413438274391,1,1,0,-0,0,0,927
6.730918418132658,1,1,0,-0,0,1,927
67.51042540930649,1,1,0,-0,0,2,927
-58.313736199449515,1,1,0,-0,0,0,928
6.731297728225714,1,1,0,-0,0,1,928
67.58243847122385,1,1,0,-0,0,2,928
-58.3861315659685,1,1,0,-0,0,0,929
6.731676701292184,1,1,0,-0,0,1,929
67.65445486467637,1,1,0,-0,0,2,929
-58.45852992027107,1,1,0,-0,0,0,930
6.732055338399445,1,1,0,-0,0,1,930
67.72647458187168,1,1,0,-0,0,2,930
-58.53093125565463,1,1,0,-0,0,0,931
6.7324336406103304,1,1,0,-0,0,1,931
67.79849761504437,1,1,0,-0,0,2,931
-58.60333556543886,1,1,0,-0,0,0,932
6.7328116089831465,1,1,0,-0,0,1,932
67.87052395645578,1,1,0,-0,0,2,932
-58.67574284296562,1,1,0,-0,0,0,933
6.733189244571702,1,1,0,-0,0,1,933
67.94255359839399,1,1,0,-0,0,2,933
-58.74815308159884,1,1,0,-0,0,0,934
6.73356654842533,1,1,0,-0,0,1,934
68.01458653317358,1,1,0,-0,0,2,934
-58.82056627472446,1,1,0,-0,0,0,935
6.73394352158891,1,1,0,-0,0,1,935
68.08662275313563,1,1,0,-0,0,2,935
-58.892982415750296,1,1,0,-0,0,0,936
6.734320165102895,1,1,0,-0,0,1,936
68.15866225064748,1,1,0,-0,0,2,936
-58.96540149810596,1,1,0,-0,0,0,937
6.734696480003333,1,1,0,-0,0,1,937
68.23070501810271,1,1,0,-0,0,2,937
-59.03782351524277,1,1,0,-0,0,0,938
6.7350724673218885,1,1,0,-0,0,1,938
68.30275104792096,1,1,0,-0,0,2,938
-59.11024846063364,1,1,0,-0,0,0,939
6.73544812808587,1,1,0,-0,0,1,939
68.37480033254785,1,1,0,-0,0,2,939
-59.182676327773,1,1,0,-0,0,0,940
6.7358234633182485,1,1,0,-0,0,1,940
68.44685286445483,1,1,0,-0,0,2,940
-59.2551071101767,1,1,0,-0,0,0,941
6.736198474037684,1,1,0,-0,0,1,941
68.51890863613909,1,1,0,-0,0,2,941
-59.32754080138191,1,1,0,-0,0,0,942
6.736573161258544,1,1,0,-0,0,1,942
68.59096764012344,1,1,0,-0,0,2,942
-59.39997739494702,1,1,0,-0,0,0,943
6.736947525990932,1,1,0,-0,0,1,943
68.66302986895616,1,1,0,-0,0,2,943
-59.47241688445159,1,1,0,-0,0,0,944
6.737321569240705,1,1,0,-0,0,1,944
68.73509531521096,1,1,0,-0,0,2,944
-59.5448592634962,1,1,0,-0,0,0,945
6.737695292009495,1,1,0,-0,0,1,945
68.80716397148677,1,1,0,-0,0,2,945
-59.617304525702394,1,1,0,-0,0,0,946
6.7380686952947375,1,1,0,-0,0,1,946
68.87923583040772,1,1,0,-0,0,2,946
-59.689752664712586,1,1,0,-0,0,0,947
6.738441780089687,1,1,0,-0,0,1,947
68.95131088462297,1,1,0,-0,0,2,947
-59.76220367418997,1,1,0,-0,0,0,948
6.738814547383441,1,1,0,-0,0,1,948
69.02338912680659,1,1,0,-0,0,2,948
-59.83465754781841,1,1,0,-0,0,0,949
6.739186998160965,1,1,0,-0,0,1,949
69.0954705496575,1,1,0,-0,0,2,949
-59.907114279302384,1,1,0,-0,0,0,950
6.739559133403106,1,1,0,-0,0,1,950
69.16755514589934,1,1,0,-0,0,2,950
-59.97957386236686,1,1,0,-0,0,0,951
6.739930954086624,1,1,0,-0,0,1,951
69.2396429082803,1,1,0,-0,0,2,951
-60.05203629075725,1,1,0,-0,0,0,952
6.740302461184206,1,1,0,-0,0,1,952
69.31173382957311,1,1,0,-0,0,2,952
-60.12450155823928,1,1,0,-0,0,0,953
6.740673655664489,1,1,0,-0,0,1,953
69.38382790257486,1,1,0,-0,0,2,953
-60.19696965859893,1,1,0,-0,0,0,954
6.741044538492083,1,1,0,-0,0,1,954
69.45592512010691,1,1,0,-0,0,2,954
-60.26944058564233,1,1,0,-0,0,0,955
6.741415110627591,1,1,0,-0,0,1,955
69.5280254750148,1,1,0,-0,0,2,955
-60.34191433319568,1,1,0,-0,0,0,956
6.741785373027627,1,1,0,-0,0,1,956
69.60012896016812,1,1,0,-0,0,2,956
-60.414390895105186,1,1,0,-0,0,0,957
6.74215532664484,1,1,0,-0,0,1,957
69.67223556846041,1,1,0,-0,0,2,957
-60.486870265236924,1,1,0,-0,0,0,958
6.742524972427937,1,1,0,-0,0,1,958
69.74434529280906,1,1,0,-0,0,2,958
-60.55935243747681,1,1,0,-0,0,0,959
6.7428943113216935,1,1,0,-0,0,1,959
69.81645812615518,1,1,0,-0,0,2,959
-60.63183740573048,1,1,0,-0,0,0,960
6.743263344266985,1,1,0,-0,0,1,960
69.88857406146356,1,1,0,-0,0,2,960
-60.70432516392322,1,1,0,-0,0,0,961
6.743632072200802,1,1,0,-0,0,1,961
69.96069309172248,1,1,0,-0,0,2,961
-60.77681570599988,1,1,0,-0,0,0,962
6.744000496056267,1,1,0,-0,0,1,962
70.03281520994366,1,1,0,-0,0,2,962
-60.84930902592478,1,1,0,-0,0,0,963
6.744368616762662,1,1,0,-0,0,1,963
70.10494040916217,1,1,0,-0,0,2,963
-60.92180511768165,1,1,0,-0,0,0,964
6.744736435245442,1,1,0,-0,0,1,964
70.17706868243626,1,1,0,-0,0,2,964
-60.994303975273525,1,1,0,-0,0,0,965
6.745103952426257,1,1,0,-0,0,1,965
70.24920002284732,1,1,0,-0,0,2,965
-61.06680559272267,1,1,0,-0,0,0,966
6.745471169222973,1,1,0,-0,0,1,966
70.32133442349975,1,1,0,-0,0,2,966
-61.13930996407052,1,1,0,-0,0,0,967
6.7458380865496865,1,1,0,-0,0,1,967
70.39347187752088,1,1,0,-0,0,2,967
-61.21181708337756,1,1,0,-0,0,0,968
6.7462047053167495,1,1,0,-0,0,1,968
70.46561237806085,1,1,0,-0,0,2,968
-61.284326944723276,1,1,0,-0,0,0,969
6.746571026430786,1,1,0,-0,0,1,969
70.53775591829253,1,1,0,-0,0,2,969
-61.35683954220606,1,1,0,-0,0,0,970
6.746937050794711,1,1,0,-0,0,1,970
70.60990249141139,1,1,0,-0,0,2,970
-61.42935486994313,1,1,0,-0,0,0,971
6.7473027793077485,1,1,0,-0,0,1,971
70.68205209063542,1,1,0,-0,0,2,971
-61.50187292207046,1,1,0,-0,0,0,972
6.747668212865454,1,1,0,-0,0,1,972
70.75420470920504,1,1,0,-0,0,2,972
-61.57439369274269,1,1,0,-0,0,0,973
6.748033352359729,1,1,0,-0,0,1,973
70.82636034038299,1,1,0,-0,0,2,973
-61.64691717613305,1,1,0,-0,0,0,974
6.748398198678843,1,1,0,-0,0,1,974
70.89851897745424,1,1,0,-0,0,2,974
-61.719443366433296,1,1,0,-0,0,0,975
6.748762752707449,1,1,0,-0,0,1,975
70.97068061372589,1,1,0,-0,0,2,975
-61.791972257853615,1,1,0,-0,0,0,976
6.749127015326605,1,1,0,-0,0,1,976
71.04284524252705,1,1,0,-0,0,2,976
-61.86450384462255,1,1,0,-0,0,0,977
6.749490987413789,1,1,0,-0,0,1,977
71.1150128572088,1,1,0,-0,0,2,977
-61.93703812098692,1,1,0,-0,0,0,978
6.749854669842919,1,1,0,-0,0,1,978
71.18718345114404,1,1,0,-0,0,2,978
-62.00957508121177,1,1,0,-0,0,0,979
6.750218063484371,1,1,0,-0,0,1,979
71.25935701772744,1,1,0,-0,0,2,979
-62.08211471958027,1,1,0,-0,0,0,980
6.750581169204997,1,1,0,-0,0,1,980
71.33153355037531,1,1,0,-0,0,2,980
-62.15465703039362,1,1,0,-0,0,0,981
6.750943987868143,1,1,0,-0,0,1,981
71.40371304252552,1,1,0,-0,0,2,981
-62.22720200797104,1,1,0,-0,0,0,982
6.751306520333666,1,1,0,-0,0,1,982
71.47589548763742,1,1,0,-0,0,2,982
-62.29974964664961,1,1,0,-0,0,0,983
6.751668767457952,1,1,0,-0,0,1,983
71.5480808791917,1,1,0,-0,0,2,983
-62.372299940784266,1,1,0,-0,0,0,984
6.752030730093932,1,1,0,-0,0,1,984
71.62026921069038,1,1,0,-0,0,2,984
-62.4448528847477,1,1,0,-0,0,0,985
6.752392409091104,1,1,0,-0,0,1,985
71.69246047565665,1,1,0,-0,0,2,985
-62.51740847293027,1,1,0,-0,0,0,986
6.7527538052955425,1,1,0,-0,0,1,986
71.76465466763477,1,1,0,-0,0,2,986
-62.58996669973995,1,1,0,-0,0,0,987
6.753114919549925,1,1,0,-0,0,1,987
71.83685178019007,1,1,0,-0,0,2,987
-62.66252755960226,1,1,0,-0,0,0,988
6.753475752693543,1,1,0,-0,0,1,988
71.90905180690876,1,1,0,-0,0,2,988
-62.735091046960164,1,1,0,-0,0,0,989
6.753836305562319,1,1,0,-0,0,1,989
71.98125474139789,1,1,0,-0,0,2,989
-62.807657156274026,1,1,0,-0,0,0,990
6.754196578988826,1,1,0,-0,0,1,990
72.05346057728525,1,1,0,-0,0,2,990
-62.88022588202153,1,1,0,-0,0,0,991
6.7545565738023035,1,1,0,-0,0,1,991
72.12566930821927,1,1,0,-0,0,2,991
-62.9527972186976,1,1,0,-0,0,0,992
6.754916290828672,1,1,0,-0,0,1,992
72.19788092786897,1,1,0,-0,0,2,992
-63.02537116081433,1,1,0,-0,0,0,993
6.7552757308905536,1,1,0,-0,0,1,993
72.27009542992381,1,1,0,-0,0,2,993
-63.09794770290094,1,1,0,-0,0,0,994
6.755634894807285,1,1,0,-0,0,1,994
72.3423128080937,1,1,0,-0,0,2,994
-63.17052683950366,1,1,0,-0,0,0,995
6.755993783394935,1,1,0,-0,0,1,995
72.41453305610877,1,1,0,-0,0,2,995
-63.24310856518569,1,1,0,-0,0,0,996
6.756352397466322,1,1,0,-0,0,1,996
72.48675616771942,1,1,0,-0,0,2,996
-63.31569287452715,1,1,0,-0,0,0,997
6.756710737831028,1,1,0,-0,0,1,997
72.55898213669617,1,1,0,-0,0,2,997
-63.388279762124945,1,1,0,-0,0,0,998
6.757068805295417,1,1,0,-0,0,1,998
72.63121095682958,1,1,0,-0,0,2,998
-63.46086922259276,1,1,0,-0,0,0,999
6.75742660066265,1,1,0,-0,0,1,999
72.70344262193017,1,1,0,-0,0,2,999
